number,value,params_alpha,params_beta,params_delta,params_gamma,state,user_attrs_avg_completed_makespan,user_attrs_failed_tasks,user_attrs_num_completed,user_attrs_num_failed,duration
0,10000000000,0.154729669408911,104.605711662219,8.97987726295555,6.5251195192041,COMPLETE,,"[""complex3_12subtasks(dc1, dnc2, dnc3, nd(2, 3))""]",0,1,00:03:06.746915
1,10000000000,0.0312989263500918,0.312934058424622,12.992642186624,0.0167238854157201,COMPLETE,,"[""complex3_12subtasks(dc1, dnc2, dnc3, nd(2, 3))""]",0,1,00:03:06.481601
2,10000000000,0.811327383832515,17.7379376959044,14.5486477824299,0.0119991200567412,COMPLETE,,"[""complex3_12subtasks(dc1, dnc2, dnc3, nd(2, 3))""]",0,1,00:03:07.281073
3,10000000000,4.40467424647579,0.472507159489194,2.75106764780151,0.0500189792852939,COMPLETE,,"[""complex3_12subtasks(dc1, dnc2, dnc3, nd(2, 3))""]",0,1,00:03:07.041932
4,10000000000,0.0925339557937687,4.64167058391172,4.36843710297063,0.458005764994288,COMPLETE,,"[""complex3_12subtasks(dc1, dnc2, dnc3, nd(2, 3))""]",0,1,00:03:06.299284
5,10000000000,0.877608115746158,0.277360895931319,5.49542764940538,0.132838760769039,COMPLETE,,"[""complex3_12subtasks(dc1, dnc2, dnc3, nd(2, 3))""]",0,1,00:03:07.094334
6,10000000000,0.280879401066128,31.1738547685191,7.71351657620417,0.0585821448625128,COMPLETE,,"[""complex3_12subtasks(dc1, dnc2, dnc3, nd(2, 3))""]",0,1,00:03:05.911001
7,10000000000,0.761312102705421,0.140452912644447,2.55786185530937,2.16805112572062,COMPLETE,,"[""complex3_12subtasks(dc1, dnc2, dnc3, nd(2, 3))""]",0,1,00:03:07.327397
8,10000000000,0.016091991550723,103.216008595032,12.1259602217469,51.6356725154672,COMPLETE,,"[""complex3_12subtasks(dc1, dnc2, dnc3, nd(2, 3))""]",0,1,00:03:06.786305
9,10000000000,0.0927857173333371,0.20427515445627,6.60228740609402,4.27506841412183,COMPLETE,,"[""complex3_12subtasks(dc1, dnc2, dnc3, nd(2, 3))""]",0,1,00:03:07.135607
10,10000000000,0.0244120679968681,3.73875542226092,13.6398060311817,0.0135589867126342,COMPLETE,,"[""complex3_12subtasks(dc1, dnc2, dnc3, nd(2, 3))""]",0,1,00:03:06.389151
11,10000000000,0.0663603759224949,12.7125079131581,7.80102031766716,0.15796455476088,COMPLETE,,"[""complex3_12subtasks(dc1, dnc2, dnc3, nd(2, 3))""]",0,1,00:03:06.631227
12,10000000000,0.545006572225097,0.386468961722913,11.6269923504167,53.4746501376988,COMPLETE,,"[""complex3_12subtasks(dc1, dnc2, dnc3, nd(2, 3))""]",0,1,00:03:07.008521
13,10000000000,9.63683395823086,69.5109663324458,13.8281135253468,1.99060016921317,COMPLETE,,"[""complex3_12subtasks(dc1, dnc2, dnc3, nd(2, 3))""]",0,1,00:03:06.848416
14,10000000000,0.0191011828624226,0.41923685682282,4.87995496144897,0.014924622670121,COMPLETE,,"[""complex3_12subtasks(dc1, dnc2, dnc3, nd(2, 3))""]",0,1,00:03:07.483694
15,10000000000,0.171583112799198,0.727493785815034,5.35129990040384,15.3665711842395,COMPLETE,,"[""complex3_12subtasks(dc1, dnc2, dnc3, nd(2, 3))""]",0,1,00:03:06.856372
16,10000000000,0.0780321621279821,5.2923954335435,12.0329547113106,0.03482310250571,COMPLETE,,"[""complex3_12subtasks(dc1, dnc2, dnc3, nd(2, 3))""]",0,1,00:03:07.654002
17,10000000000,0.0172496245879585,136.283404141548,2.98073522301259,9.31873257754682,COMPLETE,,"[""complex3_12subtasks(dc1, dnc2, dnc3, nd(2, 3))""]",0,1,00:03:05.844661
18,10000000000,0.0104121100074214,38.9027153086644,10.9351075206148,5.22318955830949,COMPLETE,,"[""complex3_12subtasks(dc1, dnc2, dnc3, nd(2, 3))""]",0,1,00:03:07.223622
19,10000000000,2.81595043618344,0.171859115046977,1.73803589287695,0.238965865831448,COMPLETE,,"[""complex3_12subtasks(dc1, dnc2, dnc3, nd(2, 3))""]",0,1,00:03:06.499415
20,10000000000,0.0255802468040313,0.133747491744361,13.3266528192254,0.23494756233525,COMPLETE,,"[""complex3_12subtasks(dc1, dnc2, dnc3, nd(2, 3))""]",0,1,00:03:07.527376
21,10000000000,7.35129565639665,10.7660761854935,13.2079926405678,0.0241396723038398,COMPLETE,,"[""complex3_12subtasks(dc1, dnc2, dnc3, nd(2, 3))""]",0,1,00:03:06.727455
22,10000000000,0.348286419505006,53.4156317746185,9.30050886454572,5.41004404187658,COMPLETE,,"[""complex3_12subtasks(dc1, dnc2, dnc3, nd(2, 3))""]",0,1,00:03:06.938699
23,10000000000,0.206131710993525,100.000874983589,13.7294365523571,0.0133067558608126,COMPLETE,,"[""complex3_12subtasks(dc1, dnc2, dnc3, nd(2, 3))""]",0,1,00:03:06.939753
24,10000000000,0.942043842212062,0.213241385196055,11.3632241103996,0.0147038254889243,COMPLETE,,"[""complex3_12subtasks(dc1, dnc2, dnc3, nd(2, 3))""]",0,1,00:03:06.889544
25,10000000000,0.812902627793306,7.02969395277041,14.2276393617563,0.0116473831455648,COMPLETE,,"[""complex3_12subtasks(dc1, dnc2, dnc3, nd(2, 3))""]",0,1,00:03:07.137027
26,10000000000,0.0168710899290957,0.18507741775827,11.7336283679713,0.0147856317631084,COMPLETE,,"[""complex3_12subtasks(dc1, dnc2, dnc3, nd(2, 3))""]",0,1,00:03:06.525088
27,10000000000,3.27619715808227,0.704673618985427,14.7465859670332,0.982591023520716,COMPLETE,,"[""complex3_12subtasks(dc1, dnc2, dnc3, nd(2, 3))""]",0,1,00:03:07.408375
28,10000000000,0.141332529413176,0.277572735993271,14.5891507379781,0.0289693431126849,COMPLETE,,"[""complex3_12subtasks(dc1, dnc2, dnc3, nd(2, 3))""]",0,1,00:03:06.370730
29,10000000000,0.553540807741078,53.954826365693,4.01048973749783,52.0003351951692,COMPLETE,,"[""complex3_12subtasks(dc1, dnc2, dnc3, nd(2, 3))""]",0,1,00:03:07.427014
30,10000000000,2.46779689792243,7.82411907073335,8.47311885725626,1.04713881054361,COMPLETE,,"[""complex3_12subtasks(dc1, dnc2, dnc3, nd(2, 3))""]",0,1,00:03:06.860423
31,10000000000,4.22308479469651,2.05654935727149,4.43015920393668,0.0198514199517926,COMPLETE,,"[""complex3_12subtasks(dc1, dnc2, dnc3, nd(2, 3))""]",0,1,00:03:07.066333
32,10000000000,13.6596037806104,0.26250342729907,1.47547101540955,0.0225087208579869,COMPLETE,,"[""complex3_12subtasks(dc1, dnc2, dnc3, nd(2, 3))""]",0,1,00:02:07.339778
33,10000000000,0.200729582752933,89.4977281894598,9.73958903579064,37.2369081707727,COMPLETE,,"[""complex3_12subtasks(dc1, dnc2, dnc3, nd(2, 3))""]",0,1,00:03:07.170489
34,10000000000,0.22856858329329,59.7158085845431,13.1644833515279,0.450403382462608,COMPLETE,,"[""complex3_12subtasks(dc1, dnc2, dnc3, nd(2, 3))""]",0,1,00:03:06.644182
35,10000000000,7.8904727936199,1.76796043591443,3.97618211919714,0.727833352624646,COMPLETE,,"[""complex3_12subtasks(dc1, dnc2, dnc3, nd(2, 3))""]",0,1,00:03:06.952736
36,10000000000,2.92821850177338,0.114843521065335,4.74731218521337,0.0112796235380046,COMPLETE,,"[""complex3_12subtasks(dc1, dnc2, dnc3, nd(2, 3))""]",0,1,00:03:07.589281
37,10000000000,3.95706740742772,70.3642250473637,8.37516484391366,0.0163881638243334,COMPLETE,,"[""complex3_12subtasks(dc1, dnc2, dnc3, nd(2, 3))""]",0,1,00:03:06.675394
38,10000000000,1.23918169994682,111.909828427864,2.89828688317788,1.99214909182608,COMPLETE,,"[""complex3_12subtasks(dc1, dnc2, dnc3, nd(2, 3))""]",0,1,00:03:07.505837
39,10000000000,0.124277440839523,13.7237143686213,6.04231754379516,3.73226716662719,COMPLETE,,"[""complex3_12subtasks(dc1, dnc2, dnc3, nd(2, 3))""]",0,1,00:03:06.557064
40,10000000000,0.908654460931352,24.0438052522644,13.0484268214146,0.0113695579113169,COMPLETE,,"[""complex3_12subtasks(dc1, dnc2, dnc3, nd(2, 3))""]",0,1,00:03:07.632443
41,10000000000,0.0207784742665837,4.67650728246888,0.963461989636255,0.752233477435947,COMPLETE,,"[""complex3_12subtasks(dc1, dnc2, dnc3, nd(2, 3))""]",0,1,00:03:05.738421
42,10000000000,0.0116526149466822,0.898960235073205,14.3189016674095,24.9955697759506,COMPLETE,,"[""complex3_12subtasks(dc1, dnc2, dnc3, nd(2, 3))""]",0,1,00:03:07.420918
43,10000000000,0.0691361722032419,88.4511819940288,7.60022614761575,0.490605362915751,COMPLETE,,"[""complex3_12subtasks(dc1, dnc2, dnc3, nd(2, 3))""]",0,1,00:03:06.988070
44,10000000000,0.198173962256507,11.6588208237737,2.51850045901469,0.545733864719912,COMPLETE,,"[""complex3_12subtasks(dc1, dnc2, dnc3, nd(2, 3))""]",0,1,00:03:07.490603
45,10000000000,0.066998547823026,2.18430223473504,3.0707492721201,0.0749081948473325,COMPLETE,,"[""complex3_12subtasks(dc1, dnc2, dnc3, nd(2, 3))""]",0,1,00:03:07.422523
46,10000000000,0.246925406414857,1.41118164484473,8.25268914011208,0.486822552980399,COMPLETE,,"[""complex3_12subtasks(dc1, dnc2, dnc3, nd(2, 3))""]",0,1,00:03:07.156251
47,10000000000,0.714212383478252,0.496115680001293,1.46797761006845,0.0440390607472012,COMPLETE,,"[""complex3_12subtasks(dc1, dnc2, dnc3, nd(2, 3))""]",0,1,00:03:06.900015
48,10000000000,0.0149918529702583,2.00623175305626,6.14763490790901,0.461838327244132,COMPLETE,,"[""complex3_12subtasks(dc1, dnc2, dnc3, nd(2, 3))""]",0,1,00:03:06.241783
49,10000000000,0.709067509107857,140.96953663821,9.4541664597301,1.78438777049439,COMPLETE,,"[""complex3_12subtasks(dc1, dnc2, dnc3, nd(2, 3))""]",0,1,00:03:05.663729
50,10000000000,0.0970099209020007,1.12052216268409,10.3162416916592,0.0447834366838531,COMPLETE,,"[""complex3_12subtasks(dc1, dnc2, dnc3, nd(2, 3))""]",0,1,00:03:06.093285
51,10000000000,0.951185883072898,0.446196099115825,6.7210724544241,0.122603855555426,COMPLETE,,"[""complex3_12subtasks(dc1, dnc2, dnc3, nd(2, 3))""]",0,1,00:03:07.379142
52,10000000000,0.354155378074812,0.233078038964539,3.39156961894679,0.666941490597558,COMPLETE,,"[""complex3_12subtasks(dc1, dnc2, dnc3, nd(2, 3))""]",0,1,00:03:07.003058
53,10000000000,0.0283447438493188,0.63029034783338,13.7417260969105,0.0731698792106264,COMPLETE,,"[""complex3_12subtasks(dc1, dnc2, dnc3, nd(2, 3))""]",0,1,00:03:07.378338
54,10000000000,0.0838409291722722,128.710051313187,7.81172183682001,6.00388166076348,COMPLETE,,"[""complex3_12subtasks(dc1, dnc2, dnc3, nd(2, 3))""]",0,1,00:03:07.643025
55,10000000000,1.04498248299743,0.162526064843329,8.67803422107543,1.88874894571644,COMPLETE,,"[""complex3_12subtasks(dc1, dnc2, dnc3, nd(2, 3))""]",0,1,00:03:07.007651
56,10000000000,0.976959878211695,1.88781761248565,1.23496489640429,46.3585837262113,COMPLETE,,"[""complex3_12subtasks(dc1, dnc2, dnc3, nd(2, 3))""]",0,1,00:03:07.271986
57,10000000000,0.0921330622436996,3.65238474711456,5.04292276988304,0.791590469565442,COMPLETE,,"[""complex3_12subtasks(dc1, dnc2, dnc3, nd(2, 3))""]",0,1,00:03:06.893798
58,10000000000,2.80308412205499,0.144458907508984,4.82650738349114,0.268006047872296,COMPLETE,,"[""complex3_12subtasks(dc1, dnc2, dnc3, nd(2, 3))""]",0,1,00:03:07.466734
59,10000000000,0.0323609089576605,0.786432525293507,13.2311332619481,0.010014552641752,COMPLETE,,"[""complex3_12subtasks(dc1, dnc2, dnc3, nd(2, 3))""]",0,1,00:03:06.495823
60,10000000000,0.488251351422385,0.802567683107913,6.13590155305931,0.0110851266860131,COMPLETE,,"[""complex3_12subtasks(dc1, dnc2, dnc3, nd(2, 3))""]",0,1,00:03:07.320370
61,10000000000,0.150462729120362,50.9754018711296,5.42946573361613,0.0230496950602343,COMPLETE,,"[""complex3_12subtasks(dc1, dnc2, dnc3, nd(2, 3))""]",0,1,00:03:06.054250
62,10000000000,0.582092050838441,33.7474799171748,8.31197402540936,0.0976133369454016,COMPLETE,,"[""complex3_12subtasks(dc1, dnc2, dnc3, nd(2, 3))""]",0,1,00:03:07.443528
63,10000000000,1.80530500129342,61.3292091523681,14.4615612795186,0.0803539733353992,COMPLETE,,"[""complex3_12subtasks(dc1, dnc2, dnc3, nd(2, 3))""]",0,1,00:03:06.691599
64,10000000000,1.13991738176873,136.263900452493,14.0902470661724,23.972774162209,COMPLETE,,"[""complex3_12subtasks(dc1, dnc2, dnc3, nd(2, 3))""]",0,1,00:03:07.356808
65,10000000000,0.330053343520274,17.2390106545905,14.7089837473324,0.0473351830013829,COMPLETE,,"[""complex3_12subtasks(dc1, dnc2, dnc3, nd(2, 3))""]",0,1,00:03:07.214276
66,10000000000,0.50757464371704,16.2531975263927,7.24577815143454,0.0112383974100823,COMPLETE,,"[""complex3_12subtasks(dc1, dnc2, dnc3, nd(2, 3))""]",0,1,00:03:07.398711
67,10000000000,0.348531409228284,0.13782462527231,4.65441782497266,0.0941566408313905,COMPLETE,,"[""complex3_12subtasks(dc1, dnc2, dnc3, nd(2, 3))""]",0,1,00:03:07.473747
68,10000000000,0.0258109879586768,38.8304315087076,9.82539313607438,0.0210726102986189,COMPLETE,,"[""complex3_12subtasks(dc1, dnc2, dnc3, nd(2, 3))""]",0,1,00:03:07.335759
69,10000000000,0.0865756440810266,0.162075925426124,11.2722025607883,0.0306023986899048,COMPLETE,,"[""complex3_12subtasks(dc1, dnc2, dnc3, nd(2, 3))""]",0,1,00:03:07.411294
70,10000000000,0.0513212256786391,41.1939715570829,10.7318953713581,12.0965257746164,COMPLETE,,"[""complex3_12subtasks(dc1, dnc2, dnc3, nd(2, 3))""]",0,1,00:03:06.841030
71,10000000000,1.08260723333354,0.110355220231975,1.63608338649656,6.6489074212014,COMPLETE,,"[""complex3_12subtasks(dc1, dnc2, dnc3, nd(2, 3))""]",0,1,00:03:07.363736
72,10000000000,0.919590381067214,0.533844524329355,2.99386765751158,1.86259135396499,COMPLETE,,"[""complex3_12subtasks(dc1, dnc2, dnc3, nd(2, 3))""]",0,1,00:03:07.069389
73,10000000000,10.0784998104605,0.732715031595096,6.87999066116644,0.158552720858347,COMPLETE,,"[""complex3_12subtasks(dc1, dnc2, dnc3, nd(2, 3))""]",0,1,00:03:06.915563
74,10000000000,8.74094825733795,0.845888972082015,1.72820932889146,0.105889230437561,COMPLETE,,"[""complex3_12subtasks(dc1, dnc2, dnc3, nd(2, 3))""]",0,1,00:02:07.088825
75,10000000000,0.389596848458971,12.3361707799877,5.91800393587214,0.217694971716102,COMPLETE,,"[""complex3_12subtasks(dc1, dnc2, dnc3, nd(2, 3))""]",0,1,00:03:07.494408
76,10000000000,0.0102730456638326,59.7665578176512,2.75239691781221,0.144622890730596,COMPLETE,,"[""complex3_12subtasks(dc1, dnc2, dnc3, nd(2, 3))""]",0,1,00:03:07.531122
77,10000000000,3.64477778590858,0.521088458087643,3.70787238600369,0.107333495733367,COMPLETE,,"[""complex3_12subtasks(dc1, dnc2, dnc3, nd(2, 3))""]",0,1,00:03:07.407955
78,10000000000,0.0158932091992145,0.165304900108299,0.909606954542526,5.09509547279107,COMPLETE,,"[""complex3_12subtasks(dc1, dnc2, dnc3, nd(2, 3))""]",0,1,00:03:07.356513
79,10000000000,0.449508916439189,0.137920881135578,5.38310798462055,1.23621291972598,COMPLETE,,"[""complex3_12subtasks(dc1, dnc2, dnc3, nd(2, 3))""]",0,1,00:03:06.790407
80,10000000000,1.11246982479301,8.25456791772725,11.8303747433261,0.0611321476930036,COMPLETE,,"[""complex3_12subtasks(dc1, dnc2, dnc3, nd(2, 3))""]",0,1,00:03:07.265457
81,10000000000,2.86066396319738,20.1571733331558,14.9015196072226,0.0243890514397246,COMPLETE,,"[""complex3_12subtasks(dc1, dnc2, dnc3, nd(2, 3))""]",0,1,00:03:06.121215
82,10000000000,0.073679851052071,21.4966661258505,12.26706490368,62.7146008983265,COMPLETE,,"[""complex3_12subtasks(dc1, dnc2, dnc3, nd(2, 3))""]",0,1,00:03:07.385532
83,10000000000,0.0115831263380395,48.9288909518505,12.462494943748,32.6096543624787,COMPLETE,,"[""complex3_12subtasks(dc1, dnc2, dnc3, nd(2, 3))""]",0,1,00:03:06.506708
84,10000000000,2.59651837463131,0.755438378143547,1.47520743617515,0.010797598660618,COMPLETE,,"[""complex3_12subtasks(dc1, dnc2, dnc3, nd(2, 3))""]",0,1,00:03:07.279784
85,10000000000,0.0219207185039951,51.5387465763966,8.13860132308265,47.204219951421,COMPLETE,,"[""complex3_12subtasks(dc1, dnc2, dnc3, nd(2, 3))""]",0,1,00:03:06.264324
86,10000000000,0.0787716814551803,11.524973209128,10.0618646464636,0.22586223406454,COMPLETE,,"[""complex3_12subtasks(dc1, dnc2, dnc3, nd(2, 3))""]",0,1,00:03:07.028134
87,10000000000,0.357236048593484,138.758872821864,0.330531593461318,0.0315609960811683,COMPLETE,,"[""complex3_12subtasks(dc1, dnc2, dnc3, nd(2, 3))""]",0,1,00:03:06.795604
88,10000000000,0.0182521216132577,93.1682706456748,11.3637881578508,17.8738613071328,COMPLETE,,"[""complex3_12subtasks(dc1, dnc2, dnc3, nd(2, 3))""]",0,1,00:03:06.740123
89,10000000000,0.141264606838889,0.229038438777185,2.41973612454922,2.91272786766249,COMPLETE,,"[""complex3_12subtasks(dc1, dnc2, dnc3, nd(2, 3))""]",0,1,00:03:07.211149
90,10000000000,0.0618276903837634,135.72927723641,9.86418324363976,2.85764045816249,COMPLETE,,"[""complex3_12subtasks(dc1, dnc2, dnc3, nd(2, 3))""]",0,1,00:03:05.232906
91,10000000000,0.34488447357526,0.566645825180034,9.63356141766068,12.7495870299429,COMPLETE,,"[""complex3_12subtasks(dc1, dnc2, dnc3, nd(2, 3))""]",0,1,00:03:07.579776
92,10000000000,0.110593569008983,0.16508036560577,7.55866042327103,2.8915290847875,COMPLETE,,"[""complex3_12subtasks(dc1, dnc2, dnc3, nd(2, 3))""]",0,1,00:03:06.800919
93,10000000000,0.0247966708773544,80.8468567732378,14.2499810085419,60.2239784648202,COMPLETE,,"[""complex3_12subtasks(dc1, dnc2, dnc3, nd(2, 3))""]",0,1,00:03:07.167534
94,10000000000,7.82344588343868,0.344569001186606,5.09678780956947,3.56279309793579,COMPLETE,,"[""complex3_12subtasks(dc1, dnc2, dnc3, nd(2, 3))""]",0,1,00:03:06.558616
95,10000000000,0.0153572125497611,0.135986427574469,7.79884537510554,50.5836920292249,COMPLETE,,"[""complex3_12subtasks(dc1, dnc2, dnc3, nd(2, 3))""]",0,1,00:03:07.360941
96,10000000000,0.226335449810324,0.149427173446,6.31565832597624,11.4934720998032,COMPLETE,,"[""complex3_12subtasks(dc1, dnc2, dnc3, nd(2, 3))""]",0,1,00:03:06.775799
97,10000000000,0.294393874133697,135.481013684192,9.63139859645886,14.4075233386493,COMPLETE,,"[""complex3_12subtasks(dc1, dnc2, dnc3, nd(2, 3))""]",0,1,00:03:07.296585
98,10000000000,0.0535502712977333,10.6937152857493,3.41878220265396,0.155922296828772,COMPLETE,,"[""complex3_12subtasks(dc1, dnc2, dnc3, nd(2, 3))""]",0,1,00:03:07.232272
99,10000000000,0.881740806476554,14.5968561851502,13.6211408415167,0.0128125516730755,COMPLETE,,"[""complex3_12subtasks(dc1, dnc2, dnc3, nd(2, 3))""]",0,1,00:03:06.521144
100,10000000000,0.0107464026651093,0.215013948778931,12.2265058162715,0.0349209649513042,COMPLETE,,"[""complex3_12subtasks(dc1, dnc2, dnc3, nd(2, 3))""]",0,1,00:03:07.511333
101,10000000000,0.0443481438355425,1.81883654054597,14.7952699559224,0.0500083024609706,COMPLETE,,"[""complex3_12subtasks(dc1, dnc2, dnc3, nd(2, 3))""]",0,1,00:03:06.698806
102,10000000000,0.02030423525985,7.25170606558489,9.14344965445147,0.0102459890325343,COMPLETE,,"[""complex3_12subtasks(dc1, dnc2, dnc3, nd(2, 3))""]",0,1,00:03:05.641411
103,10000000000,0.892175403158017,10.7710234642869,9.64302615026216,27.3336942434982,COMPLETE,,"[""complex3_12subtasks(dc1, dnc2, dnc3, nd(2, 3))""]",0,1,00:03:05.800768
104,10000000000,0.0248742681273633,1.14188132301493,6.14937345894604,6.38214319388126,COMPLETE,,"[""complex3_12subtasks(dc1, dnc2, dnc3, nd(2, 3))""]",0,1,00:03:07.339426
105,10000000000,0.0985839047911814,1.23730683508329,5.81365530789635,0.949975861911689,COMPLETE,,"[""complex3_12subtasks(dc1, dnc2, dnc3, nd(2, 3))""]",0,1,00:03:05.985698
106,10000000000,0.0100864388743352,1.16623132642461,11.0721861245505,0.0187613820611067,COMPLETE,,"[""complex3_12subtasks(dc1, dnc2, dnc3, nd(2, 3))""]",0,1,00:03:07.693013
107,10000000000,0.133170741522047,29.1364178154399,9.27266110193777,0.0698857136915969,COMPLETE,,"[""complex3_12subtasks(dc1, dnc2, dnc3, nd(2, 3))""]",0,1,00:03:06.561845
108,10000000000,0.0305382153150812,15.2328178283744,14.3103868819733,0.0152402880515671,COMPLETE,,"[""complex3_12subtasks(dc1, dnc2, dnc3, nd(2, 3))""]",0,1,00:03:07.015692
109,10000000000,1.10619925688377,0.697047218121705,4.44863087212182,0.0603931014174681,COMPLETE,,"[""complex3_12subtasks(dc1, dnc2, dnc3, nd(2, 3))""]",0,1,00:03:07.501154
110,10000000000,0.372384897094649,0.126218900618169,0.651986248016606,1.60912295707364,COMPLETE,,"[""complex3_12subtasks(dc1, dnc2, dnc3, nd(2, 3))""]",0,1,00:03:06.923654
111,10000000000,0.0156578245683427,7.4528597017,11.6949071024636,0.107672049175208,COMPLETE,,"[""complex3_12subtasks(dc1, dnc2, dnc3, nd(2, 3))""]",0,1,00:03:07.427005
112,10000000000,0.0408901611687727,3.92967065444812,13.1009898147007,0.0212191993803259,COMPLETE,,"[""complex3_12subtasks(dc1, dnc2, dnc3, nd(2, 3))""]",0,1,00:03:06.994360
113,10000000000,0.117200374439579,23.8489886278886,6.09627528677039,0.140823034512416,COMPLETE,,"[""complex3_12subtasks(dc1, dnc2, dnc3, nd(2, 3))""]",0,1,00:03:07.266042
114,10000000000,0.0231124167494942,0.352734113169218,11.1517258480795,2.04643563111569,COMPLETE,,"[""complex3_12subtasks(dc1, dnc2, dnc3, nd(2, 3))""]",0,1,00:03:06.370993
115,10000000000,0.0975717551967486,0.107183914171617,14.9901569779494,0.0112828006744785,COMPLETE,,"[""complex3_12subtasks(dc1, dnc2, dnc3, nd(2, 3))""]",0,1,00:03:07.335396
116,10000000000,0.217947606757709,3.37043971523554,7.11462148463318,0.0971111997618002,COMPLETE,,"[""complex3_12subtasks(dc1, dnc2, dnc3, nd(2, 3))""]",0,1,00:03:07.020000
117,10000000000,2.04333528668123,8.96446901241466,1.54873741300195,0.0609994770536134,COMPLETE,,"[""complex3_12subtasks(dc1, dnc2, dnc3, nd(2, 3))""]",0,1,00:03:07.182163
118,10000000000,0.0502613886738813,8.07620168805859,6.57076910079315,0.540928676045872,COMPLETE,,"[""complex3_12subtasks(dc1, dnc2, dnc3, nd(2, 3))""]",0,1,00:03:07.658543
119,10000000000,0.0100823679998306,148.207799134251,9.77990616794446,62.0491341740923,COMPLETE,,"[""complex3_12subtasks(dc1, dnc2, dnc3, nd(2, 3))""]",0,1,00:03:06.262076
120,10000000000,6.74189385113243,0.295732838246703,2.56968963710644,0.1307082974117,COMPLETE,,"[""complex3_12subtasks(dc1, dnc2, dnc3, nd(2, 3))""]",0,1,00:02:44.900890
121,10000000000,0.863724110401533,2.43246430806532,14.727399423716,26.9181937887001,COMPLETE,,"[""complex3_12subtasks(dc1, dnc2, dnc3, nd(2, 3))""]",0,1,00:03:06.620086
122,10000000000,0.0889447202510653,0.373480130098783,13.1354649933983,12.2621474440547,COMPLETE,,"[""complex3_12subtasks(dc1, dnc2, dnc3, nd(2, 3))""]",0,1,00:03:07.675810
123,10000000000,0.598404739388992,0.180488655477136,11.5017275960162,40.0895574319084,COMPLETE,,"[""complex3_12subtasks(dc1, dnc2, dnc3, nd(2, 3))""]",0,1,00:03:05.947286
124,10000000000,0.019598344978873,0.175401260220373,7.05287582883292,2.90591022538987,COMPLETE,,"[""complex3_12subtasks(dc1, dnc2, dnc3, nd(2, 3))""]",0,1,00:03:07.507475
125,10000000000,0.336449974420867,4.33513671957478,13.7568659225329,0.0111102346727738,COMPLETE,,"[""complex3_12subtasks(dc1, dnc2, dnc3, nd(2, 3))""]",0,1,00:03:06.050918
126,10000000000,1.11277083998579,0.58295219180553,14.3519823585496,27.1463462749433,COMPLETE,,"[""complex3_12subtasks(dc1, dnc2, dnc3, nd(2, 3))""]",0,1,00:03:07.550359
127,10000000000,0.759506846317145,1.48666591961016,11.0899009332719,56.2385754782068,COMPLETE,,"[""complex3_12subtasks(dc1, dnc2, dnc3, nd(2, 3))""]",0,1,00:03:06.591837
128,10000000000,3.71750802161389,0.316140568981629,11.9069853810692,62.974712263617,COMPLETE,,"[""complex3_12subtasks(dc1, dnc2, dnc3, nd(2, 3))""]",0,1,00:03:07.262057
129,10000000000,0.043279503213244,7.05779373618876,7.38102852345915,0.0965797108275115,COMPLETE,,"[""complex3_12subtasks(dc1, dnc2, dnc3, nd(2, 3))""]",0,1,00:03:07.002281
130,10000000000,0.197694402151755,0.291370759334228,9.8454841779389,30.4056423561566,COMPLETE,,"[""complex3_12subtasks(dc1, dnc2, dnc3, nd(2, 3))""]",0,1,00:03:07.593369
131,10000000000,0.302669813529754,17.7503962209573,9.25970420643408,1.92054355239972,COMPLETE,,"[""complex3_12subtasks(dc1, dnc2, dnc3, nd(2, 3))""]",0,1,00:03:07.305645
132,10000000000,5.44089442343177,45.3026224501799,14.6916890109641,8.43146545193877,COMPLETE,,"[""complex3_12subtasks(dc1, dnc2, dnc3, nd(2, 3))""]",0,1,00:03:06.719887
133,10000000000,0.0137286043835878,123.488772435973,13.7229079179507,5.71585080980135,COMPLETE,,"[""complex3_12subtasks(dc1, dnc2, dnc3, nd(2, 3))""]",0,1,00:03:07.437810
134,10000000000,0.189615055004182,2.82824356446793,2.61436297331239,1.13708512758729,COMPLETE,,"[""complex3_12subtasks(dc1, dnc2, dnc3, nd(2, 3))""]",0,1,00:03:06.054376
135,10000000000,7.32561460190651,54.3887061914537,13.5811724367494,2.70528019576547,COMPLETE,,"[""complex3_12subtasks(dc1, dnc2, dnc3, nd(2, 3))""]",0,1,00:03:07.343379
136,10000000000,8.87840942677325,23.7630922853363,12.9621516758574,0.128234814370786,COMPLETE,,"[""complex3_12subtasks(dc1, dnc2, dnc3, nd(2, 3))""]",0,1,00:03:07.064047
137,10000000000,0.309038151279838,31.1607025720032,10.0439056704415,0.0237768046681621,COMPLETE,,"[""complex3_12subtasks(dc1, dnc2, dnc3, nd(2, 3))""]",0,1,00:03:06.755110
138,10000000000,9.14232394080332,44.9125133632561,9.7204486893098,1.98339077996386,COMPLETE,,"[""complex3_12subtasks(dc1, dnc2, dnc3, nd(2, 3))""]",0,1,00:03:07.103198
139,10000000000,0.0199384662366454,0.241735666145915,14.2636767751071,0.0189428250592012,COMPLETE,,"[""complex3_12subtasks(dc1, dnc2, dnc3, nd(2, 3))""]",0,1,00:03:06.867337
140,10000000000,0.113279663668491,68.7900954925794,6.04017843533677,14.9300552361762,COMPLETE,,"[""complex3_12subtasks(dc1, dnc2, dnc3, nd(2, 3))""]",0,1,00:03:07.600571
141,10000000000,0.028700442675679,0.209495480776868,4.82921642613638,0.0587414323581008,COMPLETE,,"[""complex3_12subtasks(dc1, dnc2, dnc3, nd(2, 3))""]",0,1,00:03:06.691439
142,10000000000,11.8839215588481,59.6270858713798,13.1098535198912,0.682126678598822,COMPLETE,,"[""complex3_12subtasks(dc1, dnc2, dnc3, nd(2, 3))""]",0,1,00:03:07.436105
143,10000000000,0.0117138913130726,0.647221435735846,6.33647784882845,0.0104798729573788,COMPLETE,,"[""complex3_12subtasks(dc1, dnc2, dnc3, nd(2, 3))""]",0,1,00:03:06.510102
144,10000000000,0.772304644016794,0.233962313408014,3.99069453649368,4.86314965487128,COMPLETE,,"[""complex3_12subtasks(dc1, dnc2, dnc3, nd(2, 3))""]",0,1,00:03:07.496534
145,10000000000,1.42519943976962,0.120681859267966,1.64631776592249,0.0254175835413675,COMPLETE,,"[""complex3_12subtasks(dc1, dnc2, dnc3, nd(2, 3))""]",0,1,00:03:06.629218
146,10000000000,1.38441056305448,0.185352408385341,2.99847265836475,0.230552803201268,COMPLETE,,"[""complex3_12subtasks(dc1, dnc2, dnc3, nd(2, 3))""]",0,1,00:03:07.623446
147,10000000000,0.14350880637983,0.352687897113116,2.90590476757496,0.0269974556627064,COMPLETE,,"[""complex3_12subtasks(dc1, dnc2, dnc3, nd(2, 3))""]",0,1,00:03:06.569533
148,10000000000,2.01086586637867,0.404649924282839,0.209719555511048,1.08996386367849,COMPLETE,,"[""complex3_12subtasks(dc1, dnc2, dnc3, nd(2, 3))""]",0,1,00:02:07.145549
149,10000000000,2.88459783523116,15.12540617354,14.5663715536751,1.43312007366085,COMPLETE,,"[""complex3_12subtasks(dc1, dnc2, dnc3, nd(2, 3))""]",0,1,00:03:06.958563
150,10000000000,0.224867965139818,0.139810437356128,7.2203143829781,0.160104337233401,COMPLETE,,"[""complex3_12subtasks(dc1, dnc2, dnc3, nd(2, 3))""]",0,1,00:03:07.562084
151,10000000000,0.243893604536604,1.76426174457724,4.68353641638931,52.0581324674678,COMPLETE,,"[""complex3_12subtasks(dc1, dnc2, dnc3, nd(2, 3))""]",0,1,00:03:06.856102
152,10000000000,0.156088300334375,1.11304212642985,6.10245825591734,4.71086643856364,COMPLETE,,"[""complex3_12subtasks(dc1, dnc2, dnc3, nd(2, 3))""]",0,1,00:03:07.237071
153,10000000000,0.0507114314510938,0.473295295705712,3.18528033637463,20.0031436595596,COMPLETE,,"[""complex3_12subtasks(dc1, dnc2, dnc3, nd(2, 3))""]",0,1,00:03:07.612535
154,10000000000,0.0161085738918046,0.441868210572706,3.1429930867951,0.0174649562523129,COMPLETE,,"[""complex3_12subtasks(dc1, dnc2, dnc3, nd(2, 3))""]",0,1,00:03:06.472865
155,10000000000,1.76458347789635,0.117374669312652,12.0028203751367,0.143041044840634,COMPLETE,,"[""complex3_12subtasks(dc1, dnc2, dnc3, nd(2, 3))""]",0,1,00:03:07.327966
156,10000000000,1.03824124648024,0.719888157098832,7.11338182010057,21.5253249574431,COMPLETE,,"[""complex3_12subtasks(dc1, dnc2, dnc3, nd(2, 3))""]",0,1,00:03:06.059284
157,10000000000,0.313304692940111,56.6299414933964,13.5477560673199,0.0110098966350683,COMPLETE,,"[""complex3_12subtasks(dc1, dnc2, dnc3, nd(2, 3))""]",0,1,00:03:07.062274
158,10000000000,2.71424890013833,70.7967274329428,5.45688809179198,0.166049686384631,COMPLETE,,"[""complex3_12subtasks(dc1, dnc2, dnc3, nd(2, 3))""]",0,1,00:03:06.817888
159,10000000000,0.0466153901252529,1.04611316548591,5.71165442176166,0.0133388942406496,COMPLETE,,"[""complex3_12subtasks(dc1, dnc2, dnc3, nd(2, 3))""]",0,1,00:03:07.237127
160,10000000000,0.55020577679771,105.123694174364,6.52912875549518,0.0429618272439262,COMPLETE,,"[""complex3_12subtasks(dc1, dnc2, dnc3, nd(2, 3))""]",0,1,00:03:06.977924
161,10000000000,0.254875752297897,141.715947682079,6.45942173458251,1.67646315138101,COMPLETE,,"[""complex3_12subtasks(dc1, dnc2, dnc3, nd(2, 3))""]",0,1,00:03:06.934045
162,10000000000,0.0811013889477764,2.18688972711186,11.9810468589386,0.155752664890557,COMPLETE,,"[""complex3_12subtasks(dc1, dnc2, dnc3, nd(2, 3))""]",0,1,00:03:07.213551
163,10000000000,0.219929065418726,0.710091212996118,12.9413240766967,44.3673766248546,COMPLETE,,"[""complex3_12subtasks(dc1, dnc2, dnc3, nd(2, 3))""]",0,1,00:03:06.586248
164,10000000000,0.0403473828596896,3.20051152874242,11.4668694578739,0.0216470444651492,COMPLETE,,"[""complex3_12subtasks(dc1, dnc2, dnc3, nd(2, 3))""]",0,1,00:03:07.531413
165,10000000000,0.0324109575879846,0.490086427546131,12.3318169883218,0.0135169117797312,COMPLETE,,"[""complex3_12subtasks(dc1, dnc2, dnc3, nd(2, 3))""]",0,1,00:03:06.887599
166,10000000000,0.233606038183525,0.405908672798758,5.07316252130466,19.0405416582435,COMPLETE,,"[""complex3_12subtasks(dc1, dnc2, dnc3, nd(2, 3))""]",0,1,00:03:07.803654
167,10000000000,1.29736580573674,0.554591233167418,7.82331090069205,0.242085327910394,COMPLETE,,"[""complex3_12subtasks(dc1, dnc2, dnc3, nd(2, 3))""]",0,1,00:03:06.201453
168,10000000000,0.271520013265771,30.8405154308189,14.3260034439621,4.8781545665828,COMPLETE,,"[""complex3_12subtasks(dc1, dnc2, dnc3, nd(2, 3))""]",0,1,00:03:07.612581
169,10000000000,0.166532826462848,9.01302848050122,9.54703700789117,0.0193781107083372,COMPLETE,,"[""complex3_12subtasks(dc1, dnc2, dnc3, nd(2, 3))""]",0,1,00:03:06.844491
170,10000000000,0.0252075194721955,0.149078301332652,6.86576777818171,0.0229402685365367,COMPLETE,,"[""complex3_12subtasks(dc1, dnc2, dnc3, nd(2, 3))""]",0,1,00:03:07.374011
171,10000000000,0.0490605874176497,106.983531262181,1.54905580840405,16.6017664838588,COMPLETE,,"[""complex3_12subtasks(dc1, dnc2, dnc3, nd(2, 3))""]",0,1,00:03:07.361920
172,10000000000,0.0779661747780172,32.5974947633187,7.63291419158504,0.394697808773518,COMPLETE,,"[""complex3_12subtasks(dc1, dnc2, dnc3, nd(2, 3))""]",0,1,00:03:07.200670
173,10000000000,0.0137708976828399,124.837587545051,2.95377639074031,12.1653993462547,COMPLETE,,"[""complex3_12subtasks(dc1, dnc2, dnc3, nd(2, 3))""]",0,1,00:03:07.387184
174,10000000000,4.2198745037401,0.88494616440549,3.91775876130713,0.0176152503653576,COMPLETE,,"[""complex3_12subtasks(dc1, dnc2, dnc3, nd(2, 3))""]",0,1,00:03:06.158595
175,10000000000,0.0435677718924014,120.223801682981,1.50293231743548,1.11749454892526,COMPLETE,,"[""complex3_12subtasks(dc1, dnc2, dnc3, nd(2, 3))""]",0,1,00:03:07.607675
176,10000000000,0.0105360640745389,98.91891885167,4.43483421808317,4.02964018804721,COMPLETE,,"[""complex3_12subtasks(dc1, dnc2, dnc3, nd(2, 3))""]",0,1,00:03:07.090951
177,10000000000,0.0686159680119762,5.89204959435781,13.4404447688244,0.0143532060718122,COMPLETE,,"[""complex3_12subtasks(dc1, dnc2, dnc3, nd(2, 3))""]",0,1,00:03:07.444101
178,10000000000,0.101179366195085,0.164625443580157,5.68762695150652,1.42145624859219,COMPLETE,,"[""complex3_12subtasks(dc1, dnc2, dnc3, nd(2, 3))""]",0,1,00:03:06.547296
179,10000000000,0.108026399755273,129.219847107706,9.25659622683339,17.6668557547822,COMPLETE,,"[""complex3_12subtasks(dc1, dnc2, dnc3, nd(2, 3))""]",0,1,00:03:05.562927
180,10000000000,14.5384826255504,25.9102301091066,12.3207591646485,61.0072561653062,COMPLETE,,"[""complex3_12subtasks(dc1, dnc2, dnc3, nd(2, 3))""]",0,1,00:03:07.161704
181,10000000000,0.0533751398706359,3.90385393990147,9.6292811533505,8.61116856094294,COMPLETE,,"[""complex3_12subtasks(dc1, dnc2, dnc3, nd(2, 3))""]",0,1,00:03:06.992446
182,10000000000,0.0113715945634024,27.5559642412102,9.29451883919595,1.10807408211765,COMPLETE,,"[""complex3_12subtasks(dc1, dnc2, dnc3, nd(2, 3))""]",0,1,00:03:05.724454
183,10000000000,0.159418769770519,7.32787852450366,4.32428838405958,0.367550602323365,COMPLETE,,"[""complex3_12subtasks(dc1, dnc2, dnc3, nd(2, 3))""]",0,1,00:03:07.248583
184,10000000000,0.0189887570097286,32.1341274084702,10.4472359184861,7.40341993307908,COMPLETE,,"[""complex3_12subtasks(dc1, dnc2, dnc3, nd(2, 3))""]",0,1,00:03:05.870620
185,10000000000,0.0341938508330038,17.854511784328,2.70973342733571,4.89746762261161,COMPLETE,,"[""complex3_12subtasks(dc1, dnc2, dnc3, nd(2, 3))""]",0,1,00:03:06.159032
186,10000000000,0.0196299437438406,62.2952982654009,6.82852441157581,0.0678041143043892,COMPLETE,,"[""complex3_12subtasks(dc1, dnc2, dnc3, nd(2, 3))""]",0,1,00:03:07.417844
187,10000000000,0.0137612945294847,91.8098591999712,9.86130790407863,2.3335226245469,COMPLETE,,"[""complex3_12subtasks(dc1, dnc2, dnc3, nd(2, 3))""]",0,1,00:03:06.585344
188,10000000000,3.96404491055761,146.267841982667,12.3476815373268,1.18194492767052,COMPLETE,,"[""complex3_12subtasks(dc1, dnc2, dnc3, nd(2, 3))""]",0,1,00:03:07.667236
189,10000000000,0.413317907225679,0.831607444013135,10.8267927598385,0.0216810354305907,COMPLETE,,"[""complex3_12subtasks(dc1, dnc2, dnc3, nd(2, 3))""]",0,1,00:03:06.960865
190,10000000000,0.0147086383139808,1.11505203516869,14.8174613987059,0.0256936262506737,COMPLETE,,"[""complex3_12subtasks(dc1, dnc2, dnc3, nd(2, 3))""]",0,1,00:03:07.121370
191,10000000000,0.499190365012644,0.481175558623297,4.17152383773162,0.171263307860186,COMPLETE,,"[""complex3_12subtasks(dc1, dnc2, dnc3, nd(2, 3))""]",0,1,00:03:07.107220
192,10000000000,11.4522984535333,142.759880448837,14.8202297091019,1.0929731778784,COMPLETE,,"[""complex3_12subtasks(dc1, dnc2, dnc3, nd(2, 3))""]",0,1,00:03:06.267325
193,10000000000,1.76946337736507,7.77477926326848,14.9909165760988,0.0815159746131504,COMPLETE,,"[""complex3_12subtasks(dc1, dnc2, dnc3, nd(2, 3))""]",0,1,00:03:07.394973
194,10000000000,4.45165794962421,0.103946003405924,1.49481443041838,0.0658866247641739,COMPLETE,,"[""complex3_12subtasks(dc1, dnc2, dnc3, nd(2, 3))""]",0,1,00:02:15.169360
195,10000000000,1.63371642287518,0.292060392381482,0.337851611949548,0.187619475207574,COMPLETE,,"[""complex3_12subtasks(dc1, dnc2, dnc3, nd(2, 3))""]",0,1,00:02:15.923200
196,10000000000,0.0297721298604511,119.705473272768,11.785542990356,38.9731130268977,COMPLETE,,"[""complex3_12subtasks(dc1, dnc2, dnc3, nd(2, 3))""]",0,1,00:03:07.192071
197,10000000000,1.33399144995752,0.165160159798554,4.15664634689091,2.38729544353846,COMPLETE,,"[""complex3_12subtasks(dc1, dnc2, dnc3, nd(2, 3))""]",0,1,00:03:07.418241
198,10000000000,0.0992268757829451,0.470514733909068,6.83468937645575,8.45979195467987,COMPLETE,,"[""complex3_12subtasks(dc1, dnc2, dnc3, nd(2, 3))""]",0,1,00:03:07.382775
199,10000000000,0.341600600169984,32.103370442246,8.51897323033515,0.219894141094726,COMPLETE,,"[""complex3_12subtasks(dc1, dnc2, dnc3, nd(2, 3))""]",0,1,00:03:07.598062
200,10000000000,0.0121498750154127,8.44095377014266,13.5347980490409,44.357325589655,COMPLETE,,"[""complex3_12subtasks(dc1, dnc2, dnc3, nd(2, 3))""]",0,1,00:03:06.836432
201,10000000000,0.0114063263667397,0.119089876743176,13.2037120618527,3.30714121472382,COMPLETE,,"[""complex3_12subtasks(dc1, dnc2, dnc3, nd(2, 3))""]",0,1,00:03:07.229310
202,10000000000,0.0342466037464919,0.130283899171657,10.6463174455907,0.0451719171840653,COMPLETE,,"[""complex3_12subtasks(dc1, dnc2, dnc3, nd(2, 3))""]",0,1,00:03:07.169327
203,10000000000,0.0266273922721558,0.42321131164693,13.7140222522289,0.474865806796712,COMPLETE,,"[""complex3_12subtasks(dc1, dnc2, dnc3, nd(2, 3))""]",0,1,00:03:07.529979
204,10000000000,0.123495568226866,0.161428313014013,13.6020321449158,0.51746847367717,COMPLETE,,"[""complex3_12subtasks(dc1, dnc2, dnc3, nd(2, 3))""]",0,1,00:03:06.729267
205,10000000000,0.0159941820390394,0.10246651456719,13.7015365697826,0.350784900881604,COMPLETE,,"[""complex3_12subtasks(dc1, dnc2, dnc3, nd(2, 3))""]",0,1,00:03:07.423905
206,10000000000,5.04178769071522,0.157594274585704,0.440386008958241,1.13160741016775,COMPLETE,,"[""complex3_12subtasks(dc1, dnc2, dnc3, nd(2, 3))""]",0,1,00:02:07.151956
207,10000000000,0.840669028022163,0.199913070911251,14.1872692770502,3.48735653387677,COMPLETE,,"[""complex3_12subtasks(dc1, dnc2, dnc3, nd(2, 3))""]",0,1,00:03:07.485713
208,10000000000,2.20897030240786,37.2346243187377,6.55365109032478,10.9612318534397,COMPLETE,,"[""complex3_12subtasks(dc1, dnc2, dnc3, nd(2, 3))""]",0,1,00:03:07.447977
209,10000000000,1.37555773054663,0.151587713955797,6.25573101094705,0.0529263278777971,COMPLETE,,"[""complex3_12subtasks(dc1, dnc2, dnc3, nd(2, 3))""]",0,1,00:03:07.159487
210,10000000000,9.30321679250881,0.569633711512325,4.03715733756245,0.0448896912066754,COMPLETE,,"[""complex3_12subtasks(dc1, dnc2, dnc3, nd(2, 3))""]",0,1,00:03:07.183917
211,10000000000,3.37793753322008,26.4245316693296,10.2977297168339,0.0147504125704208,COMPLETE,,"[""complex3_12subtasks(dc1, dnc2, dnc3, nd(2, 3))""]",0,1,00:03:06.684900
212,10000000000,9.07635143154996,18.2137205197248,12.0875485004873,0.0414069400736208,COMPLETE,,"[""complex3_12subtasks(dc1, dnc2, dnc3, nd(2, 3))""]",0,1,00:03:07.851671
213,10000000000,5.00257365404914,6.72133990817073,13.6428990073266,0.0136385016313398,COMPLETE,,"[""complex3_12subtasks(dc1, dnc2, dnc3, nd(2, 3))""]",0,1,00:03:05.772947
214,10000000000,0.0507504555670526,20.2913521013808,14.9848157457623,0.0981019414772655,COMPLETE,,"[""complex3_12subtasks(dc1, dnc2, dnc3, nd(2, 3))""]",0,1,00:03:07.637995
215,10000000000,3.17949529851296,0.272577532371791,3.4296564886964,0.547398014172661,COMPLETE,,"[""complex3_12subtasks(dc1, dnc2, dnc3, nd(2, 3))""]",0,1,00:03:06.570449
216,10000000000,0.634371151641368,33.6942846763662,14.8558486776246,0.0262018233414155,COMPLETE,,"[""complex3_12subtasks(dc1, dnc2, dnc3, nd(2, 3))""]",0,1,00:03:07.713466
217,10000000000,0.0234000823337206,12.8662298480352,13.2804643082119,0.853749816075256,COMPLETE,,"[""complex3_12subtasks(dc1, dnc2, dnc3, nd(2, 3))""]",0,1,00:03:06.620866
218,10000000000,0.0206917292960897,7.90636758743226,13.3479300189326,0.0437311565544326,COMPLETE,,"[""complex3_12subtasks(dc1, dnc2, dnc3, nd(2, 3))""]",0,1,00:03:07.524466
219,10000000000,0.0454166987389128,3.14787399205021,2.91169667964216,0.172092948802047,COMPLETE,,"[""complex3_12subtasks(dc1, dnc2, dnc3, nd(2, 3))""]",0,1,00:03:07.526837
220,10000000000,0.0192603057951615,103.601502792099,4.27712822940344,50.7201144941487,COMPLETE,,"[""complex3_12subtasks(dc1, dnc2, dnc3, nd(2, 3))""]",0,1,00:03:07.305703
221,10000000000,0.0104618180096528,0.743574548058642,7.21640497995234,0.158640571717354,COMPLETE,,"[""complex3_12subtasks(dc1, dnc2, dnc3, nd(2, 3))""]",0,1,00:03:07.593739
222,10000000000,0.957833964031651,0.274496715383741,8.8861061314374,46.5337793194133,COMPLETE,,"[""complex3_12subtasks(dc1, dnc2, dnc3, nd(2, 3))""]",0,1,00:03:06.565814
223,10000000000,0.764804930205289,70.1426740986533,9.43715487044643,9.22773018242612,COMPLETE,,"[""complex3_12subtasks(dc1, dnc2, dnc3, nd(2, 3))""]",0,1,00:03:07.585075
224,10000000000,7.77205118434584,1.42987580064804,12.4701299014853,0.0673973820367401,COMPLETE,,"[""complex3_12subtasks(dc1, dnc2, dnc3, nd(2, 3))""]",0,1,00:03:06.684144
225,10000000000,0.0586670121303474,58.7908786621426,11.0807833878779,3.00806996189182,COMPLETE,,"[""complex3_12subtasks(dc1, dnc2, dnc3, nd(2, 3))""]",0,1,00:03:07.472994
226,10000000000,0.168294664678589,20.0481464305105,7.61422235340308,3.29930473722892,COMPLETE,,"[""complex3_12subtasks(dc1, dnc2, dnc3, nd(2, 3))""]",0,1,00:03:06.788225
227,10000000000,0.0367590831536834,0.340179923905106,13.5901270630871,0.0762579092598169,COMPLETE,,"[""complex3_12subtasks(dc1, dnc2, dnc3, nd(2, 3))""]",0,1,00:03:07.597407
228,10000000000,0.0537324507113274,0.112635450226348,10.1288567712917,0.83971210889148,COMPLETE,,"[""complex3_12subtasks(dc1, dnc2, dnc3, nd(2, 3))""]",0,1,00:03:07.042670
229,10000000000,10.349335717338,4.50774417026991,9.06517015365709,0.0166991828010762,COMPLETE,,"[""complex3_12subtasks(dc1, dnc2, dnc3, nd(2, 3))""]",0,1,00:03:07.207198
230,10000000000,0.174653871879184,57.6617932462076,9.83771482332827,2.46424904551668,COMPLETE,,"[""complex3_12subtasks(dc1, dnc2, dnc3, nd(2, 3))""]",0,1,00:03:07.551454
231,10000000000,0.236068232963742,119.130999591743,12.458490654086,0.0326272336454394,COMPLETE,,"[""complex3_12subtasks(dc1, dnc2, dnc3, nd(2, 3))""]",0,1,00:03:06.578229
232,10000000000,0.0131587308641996,7.11523114116922,10.2910383111192,4.36573878105368,COMPLETE,,"[""complex3_12subtasks(dc1, dnc2, dnc3, nd(2, 3))""]",0,1,00:03:07.861813
233,10000000000,0.0912262078475685,12.7861097165713,9.82778138779751,0.112354270348318,COMPLETE,,"[""complex3_12subtasks(dc1, dnc2, dnc3, nd(2, 3))""]",0,1,00:03:06.620214
234,10000000000,0.0219260077453282,4.26945729530746,13.6682630371916,0.015835205555893,COMPLETE,,"[""complex3_12subtasks(dc1, dnc2, dnc3, nd(2, 3))""]",0,1,00:03:08.016620
235,10000000000,0.60365603535433,0.269972600556678,13.2352966468151,55.4805320360486,COMPLETE,,"[""complex3_12subtasks(dc1, dnc2, dnc3, nd(2, 3))""]",0,1,00:03:06.832589
236,10000000000,0.036534468490581,62.3445579364434,13.9859190441405,0.0117986328028391,COMPLETE,,"[""complex3_12subtasks(dc1, dnc2, dnc3, nd(2, 3))""]",0,1,00:03:07.821849
237,10000000000,14.3959508051016,74.8599629990841,12.1768221799341,7.67266104772815,COMPLETE,,"[""complex3_12subtasks(dc1, dnc2, dnc3, nd(2, 3))""]",0,1,00:03:06.817580
238,10000000000,0.015620112681863,51.2661654757626,0.082222274917052,5.46221391978239,COMPLETE,,"[""complex3_12subtasks(dc1, dnc2, dnc3, nd(2, 3))""]",0,1,00:03:07.114157
239,10000000000,0.0123964358616863,68.3507478709763,11.2710868304258,30.0724491716645,COMPLETE,,"[""complex3_12subtasks(dc1, dnc2, dnc3, nd(2, 3))""]",0,1,00:03:07.330070
240,10000000000,0.0113313305601462,46.5202799320499,12.0956922913704,5.14478445187999,COMPLETE,,"[""complex3_12subtasks(dc1, dnc2, dnc3, nd(2, 3))""]",0,1,00:03:06.851046
241,10000000000,0.776326553256225,0.188901419986907,11.8807483039483,0.038049957805675,COMPLETE,,"[""complex3_12subtasks(dc1, dnc2, dnc3, nd(2, 3))""]",0,1,00:03:07.383024
242,10000000000,3.10793709963907,0.328683243704872,9.71707191729995,0.0205346850774558,COMPLETE,,"[""complex3_12subtasks(dc1, dnc2, dnc3, nd(2, 3))""]",0,1,00:03:06.996364
243,10000000000,13.8953863349249,24.2998999701582,13.7228467514155,2.70002696459556,COMPLETE,,"[""complex3_12subtasks(dc1, dnc2, dnc3, nd(2, 3))""]",0,1,00:03:07.441197
244,10000000000,1.61638727562122,38.5061365941634,14.6435418275617,0.010526316367648,COMPLETE,,"[""complex3_12subtasks(dc1, dnc2, dnc3, nd(2, 3))""]",0,1,00:03:06.647630
245,10000000000,0.634207798426049,0.113283050787521,2.65582897166665,1.00781816717855,COMPLETE,,"[""complex3_12subtasks(dc1, dnc2, dnc3, nd(2, 3))""]",0,1,00:03:07.584907
246,10000000000,0.896571615473026,35.0019031889635,8.28746421161008,1.6271297422193,COMPLETE,,"[""complex3_12subtasks(dc1, dnc2, dnc3, nd(2, 3))""]",0,1,00:03:07.231704
247,10000000000,0.222633525024301,40.5476382770722,6.60679650946608,0.0710662980195612,COMPLETE,,"[""complex3_12subtasks(dc1, dnc2, dnc3, nd(2, 3))""]",0,1,00:03:07.440296
248,10000000000,0.812748095138235,0.35159580984964,13.1778224480071,0.0182378017891467,COMPLETE,,"[""complex3_12subtasks(dc1, dnc2, dnc3, nd(2, 3))""]",0,1,00:03:07.172273
249,10000000000,0.304314952597614,41.2149219984302,11.3398808715359,11.1607176591704,COMPLETE,,"[""complex3_12subtasks(dc1, dnc2, dnc3, nd(2, 3))""]",0,1,00:03:07.450112
250,10000000000,8.58193719942133,13.0931986104248,14.5964616283603,0.0573517386907136,COMPLETE,,"[""complex3_12subtasks(dc1, dnc2, dnc3, nd(2, 3))""]",0,1,00:03:07.585616
251,10000000000,0.425658318986515,99.7790015051125,14.4231574031464,0.0104464941156285,COMPLETE,,"[""complex3_12subtasks(dc1, dnc2, dnc3, nd(2, 3))""]",0,1,00:03:06.581073
252,10000000000,0.228843880381551,7.40422421542268,13.6595482149292,0.0835497001443245,COMPLETE,,"[""complex3_12subtasks(dc1, dnc2, dnc3, nd(2, 3))""]",0,1,00:03:07.674893
253,10000000000,3.67543418300243,0.39761467055203,2.04306531844827,30.5108409376059,COMPLETE,,"[""complex3_12subtasks(dc1, dnc2, dnc3, nd(2, 3))""]",0,1,00:03:06.430113
254,10000000000,0.132994397039049,31.760031474659,11.1756098091636,0.0125665753899326,COMPLETE,,"[""complex3_12subtasks(dc1, dnc2, dnc3, nd(2, 3))""]",0,1,00:03:07.563154
255,10000000000,0.0853849185030201,4.76672104467025,4.14016797733978,1.43603729043797,COMPLETE,,"[""complex3_12subtasks(dc1, dnc2, dnc3, nd(2, 3))""]",0,1,00:03:06.873900
256,10000000000,1.81348206189233,2.10232938450248,3.26199547354624,0.121503812041042,COMPLETE,,"[""complex3_12subtasks(dc1, dnc2, dnc3, nd(2, 3))""]",0,1,00:03:07.744533
257,10000000000,0.0848589497016507,0.140263244045486,7.71421365167633,14.5468872593826,COMPLETE,,"[""complex3_12subtasks(dc1, dnc2, dnc3, nd(2, 3))""]",0,1,00:03:07.134492
258,10000000000,0.0478084906303138,1.04397939496977,5.81602863613556,64.4519779822777,COMPLETE,,"[""complex3_12subtasks(dc1, dnc2, dnc3, nd(2, 3))""]",0,1,00:03:07.284697
259,10000000000,0.011009895044323,0.607673644401708,3.73995154961277,0.0197393800866707,COMPLETE,,"[""complex3_12subtasks(dc1, dnc2, dnc3, nd(2, 3))""]",0,1,00:03:07.092801
260,10000000000,0.141491476769483,0.383461909046698,4.34210847587598,6.54472886245788,COMPLETE,,"[""complex3_12subtasks(dc1, dnc2, dnc3, nd(2, 3))""]",0,1,00:03:07.378590
261,10000000000,0.860058304065431,0.118422393035949,9.63141831589336,0.0464566839524599,COMPLETE,,"[""complex3_12subtasks(dc1, dnc2, dnc3, nd(2, 3))""]",0,1,00:03:07.290085
262,10000000000,9.15881088064396,92.1151757484697,0.519473502341415,2.77926221610045,COMPLETE,,"[""complex3_12subtasks(dc1, dnc2, dnc3, nd(2, 3))""]",0,1,00:02:05.757020
263,10000000000,0.194359180040484,0.100088945211049,11.7012888927133,0.0105560032549371,COMPLETE,,"[""complex3_12subtasks(dc1, dnc2, dnc3, nd(2, 3))""]",0,1,00:03:07.182086
264,10000000000,0.0932798788612185,2.24793292428597,10.76378029128,0.0495545309837859,COMPLETE,,"[""complex3_12subtasks(dc1, dnc2, dnc3, nd(2, 3))""]",0,1,00:03:06.722938
265,10000000000,0.0447674369551175,96.8225882564046,3.53308785014033,9.04702505110477,COMPLETE,,"[""complex3_12subtasks(dc1, dnc2, dnc3, nd(2, 3))""]",0,1,00:03:07.372292
266,10000000000,0.0159302931854192,121.896475325695,13.1339663344081,34.7064777052795,COMPLETE,,"[""complex3_12subtasks(dc1, dnc2, dnc3, nd(2, 3))""]",0,1,00:03:06.765944
267,10000000000,0.111348925265328,94.0445510492478,13.4236495407775,0.0233793378688618,COMPLETE,,"[""complex3_12subtasks(dc1, dnc2, dnc3, nd(2, 3))""]",0,1,00:03:07.787882
268,10000000000,0.0822823946956164,0.326969183721416,7.09529168550095,0.0154135963839843,COMPLETE,,"[""complex3_12subtasks(dc1, dnc2, dnc3, nd(2, 3))""]",0,1,00:03:07.036385
269,10000000000,0.019815890253886,0.110552412635479,12.1778857778704,0.175822794812334,COMPLETE,,"[""complex3_12subtasks(dc1, dnc2, dnc3, nd(2, 3))""]",0,1,00:03:07.451972
270,10000000000,0.620680326839005,0.370414421350068,10.0511697074256,0.0144956167996819,COMPLETE,,"[""complex3_12subtasks(dc1, dnc2, dnc3, nd(2, 3))""]",0,1,00:03:07.067014
271,10000000000,4.73275186980801,0.115748939451689,13.024162330967,0.0284553745156556,COMPLETE,,"[""complex3_12subtasks(dc1, dnc2, dnc3, nd(2, 3))""]",0,1,00:03:06.893200
272,10000000000,0.0886942838729062,9.20040577176214,6.73006466090478,0.2746519623178,COMPLETE,,"[""complex3_12subtasks(dc1, dnc2, dnc3, nd(2, 3))""]",0,1,00:03:07.515067
273,10000000000,3.6677110156733,0.760138824585482,2.65614330839078,0.0797888696604675,COMPLETE,,"[""complex3_12subtasks(dc1, dnc2, dnc3, nd(2, 3))""]",0,1,00:03:06.404546
274,10000000000,0.0100372133694574,47.4862137803548,8.33178665204352,14.4104851927438,COMPLETE,,"[""complex3_12subtasks(dc1, dnc2, dnc3, nd(2, 3))""]",0,1,00:03:07.832260
275,10000000000,0.685625280033199,8.37395113794587,7.79001634234152,0.0609199969261189,COMPLETE,,"[""complex3_12subtasks(dc1, dnc2, dnc3, nd(2, 3))""]",0,1,00:03:06.976488
276,10000000000,0.0196205081772746,4.99720637757997,9.05174429502068,0.280500628351395,COMPLETE,,"[""complex3_12subtasks(dc1, dnc2, dnc3, nd(2, 3))""]",0,1,00:03:08.064517
277,10000000000,0.10022043199199,0.52777360164166,12.531694100443,0.0696840778217889,COMPLETE,,"[""complex3_12subtasks(dc1, dnc2, dnc3, nd(2, 3))""]",0,1,00:03:06.774681
278,10000000000,0.187380723621035,110.667854957513,8.80125091956738,2.88452988408917,COMPLETE,,"[""complex3_12subtasks(dc1, dnc2, dnc3, nd(2, 3))""]",0,1,00:03:07.878695
279,10000000000,0.0792634475797983,0.489784411791914,13.2827556953235,0.0135267112958895,COMPLETE,,"[""complex3_12subtasks(dc1, dnc2, dnc3, nd(2, 3))""]",0,1,00:03:06.790792
280,10000000000,0.360395828548004,70.83084423175,8.43256636203226,0.0114639164040559,COMPLETE,,"[""complex3_12subtasks(dc1, dnc2, dnc3, nd(2, 3))""]",0,1,00:03:08.026289
281,10000000000,0.307825283837334,2.37943290085965,5.32676493092802,13.1860678257094,COMPLETE,,"[""complex3_12subtasks(dc1, dnc2, dnc3, nd(2, 3))""]",0,1,00:03:07.729305
282,10000000000,0.335193060856409,16.0182469548136,14.211333722732,0.0173805795984794,COMPLETE,,"[""complex3_12subtasks(dc1, dnc2, dnc3, nd(2, 3))""]",0,1,00:03:07.304549
283,10000000000,0.0842730073238145,0.17317797435811,14.9444077702555,0.146857324298996,COMPLETE,,"[""complex3_12subtasks(dc1, dnc2, dnc3, nd(2, 3))""]",0,1,00:03:07.361302
284,10000000000,0.11703108603201,52.422563330036,10.060612467597,12.9977256738398,COMPLETE,,"[""complex3_12subtasks(dc1, dnc2, dnc3, nd(2, 3))""]",0,1,00:03:06.593124
285,10000000000,0.0687463866110867,18.9546306975978,6.84650866076119,0.0454326148527965,COMPLETE,,"[""complex3_12subtasks(dc1, dnc2, dnc3, nd(2, 3))""]",0,1,00:03:07.776908
286,10000000000,0.994385791299793,5.07372681035977,14.5201779720873,0.0120092149315798,COMPLETE,,"[""complex3_12subtasks(dc1, dnc2, dnc3, nd(2, 3))""]",0,1,00:03:07.184351
287,10000000000,0.704370290791722,0.24037026688502,3.96008587809885,0.104634658127141,COMPLETE,,"[""complex3_12subtasks(dc1, dnc2, dnc3, nd(2, 3))""]",0,1,00:03:07.653999
288,10000000000,0.0213953654249205,0.155494749582934,2.27508091958274,0.0131219372936978,COMPLETE,,"[""complex3_12subtasks(dc1, dnc2, dnc3, nd(2, 3))""]",0,1,00:03:06.969123
289,10000000000,0.0116506753423751,109.983783463211,2.12728544884325,3.5581496508328,COMPLETE,,"[""complex3_12subtasks(dc1, dnc2, dnc3, nd(2, 3))""]",0,1,00:03:06.899606
290,10000000000,0.377007845688427,0.157191359133958,2.14645108748716,5.67015997776624,COMPLETE,,"[""complex3_12subtasks(dc1, dnc2, dnc3, nd(2, 3))""]",0,1,00:03:07.440949
291,10000000000,7.02098743277506,21.437748002832,11.9917072943748,0.013272429396288,COMPLETE,,"[""complex3_12subtasks(dc1, dnc2, dnc3, nd(2, 3))""]",0,1,00:03:07.330428
292,10000000000,0.196407748781894,0.671259631919526,11.1773298620067,21.1630252277169,COMPLETE,,"[""complex3_12subtasks(dc1, dnc2, dnc3, nd(2, 3))""]",0,1,00:03:07.683691
293,10000000000,0.0624894460622739,0.438814866714488,8.32635179105488,1.10064877089887,COMPLETE,,"[""complex3_12subtasks(dc1, dnc2, dnc3, nd(2, 3))""]",0,1,00:03:06.204095
294,10000000000,1.41533983809271,20.2076019478741,12.1001624153894,0.0652635187595653,COMPLETE,,"[""complex3_12subtasks(dc1, dnc2, dnc3, nd(2, 3))""]",0,1,00:03:07.416682
295,10000000000,0.0109425718088528,3.12745906667873,12.6055349534326,0.0135537697277928,COMPLETE,,"[""complex3_12subtasks(dc1, dnc2, dnc3, nd(2, 3))""]",0,1,00:03:06.840566
296,10000000000,3.10134062369762,0.150768048576286,3.06506266285709,0.152089190417566,COMPLETE,,"[""complex3_12subtasks(dc1, dnc2, dnc3, nd(2, 3))""]",0,1,00:03:07.354881
297,10000000000,8.92497894826489,5.5666043914769,0.413991787680114,0.0174982873003623,COMPLETE,,"[""complex3_12subtasks(dc1, dnc2, dnc3, nd(2, 3))""]",0,1,00:02:06.126782
298,10000000000,5.10010058166429,4.74866129296454,8.05238182969985,16.7474167725277,COMPLETE,,"[""complex3_12subtasks(dc1, dnc2, dnc3, nd(2, 3))""]",0,1,00:03:07.572603
299,10000000000,0.0798632699227387,0.106426901918006,7.25334051496019,4.41777833847563,COMPLETE,,"[""complex3_12subtasks(dc1, dnc2, dnc3, nd(2, 3))""]",0,1,00:03:06.799279
300,10000000000,0.855089710030877,0.754888999509968,2.9064658786162,0.891839977081372,COMPLETE,,"[""complex3_12subtasks(dc1, dnc2, dnc3, nd(2, 3))""]",0,1,00:03:07.997376
301,10000000000,0.380779924783946,31.4870657161766,7.26205487123884,10.5774053577891,COMPLETE,,"[""complex3_12subtasks(dc1, dnc2, dnc3, nd(2, 3))""]",0,1,00:03:07.266416
302,10000000000,0.543743799872973,21.5319362943685,1.11918853693849,0.439759594690509,COMPLETE,,"[""complex3_12subtasks(dc1, dnc2, dnc3, nd(2, 3))""]",0,1,00:03:07.366347
303,10000000000,4.16627765395154,0.93373282119245,0.0353172129737276,0.0365273552880329,COMPLETE,,"[""complex3_12subtasks(dc1, dnc2, dnc3, nd(2, 3))""]",0,1,00:02:07.034574
304,10000000000,0.09738992894861,3.14963327949136,11.2945652292227,0.0150811310128507,COMPLETE,,"[""complex3_12subtasks(dc1, dnc2, dnc3, nd(2, 3))""]",0,1,00:03:07.779435
305,10000000000,0.0288868147236001,0.15645745029758,13.2572496723001,0.037498909317358,COMPLETE,,"[""complex3_12subtasks(dc1, dnc2, dnc3, nd(2, 3))""]",0,1,00:03:07.079317
306,10000000000,2.43181590075373,111.76712123282,12.5643651664859,4.30104434246814,COMPLETE,,"[""complex3_12subtasks(dc1, dnc2, dnc3, nd(2, 3))""]",0,1,00:03:07.315998
307,10000000000,0.604314488893741,140.902872472861,14.347487561363,0.21295832868203,COMPLETE,,"[""complex3_12subtasks(dc1, dnc2, dnc3, nd(2, 3))""]",0,1,00:03:07.630880
308,10000000000,0.187721915702554,9.04851393158824,5.12398547752399,0.010086528600088,COMPLETE,,"[""complex3_12subtasks(dc1, dnc2, dnc3, nd(2, 3))""]",0,1,00:03:06.609098
309,10000000000,0.0351004467616466,93.0180238459159,5.98228639659573,3.24958881148555,COMPLETE,,"[""complex3_12subtasks(dc1, dnc2, dnc3, nd(2, 3))""]",0,1,00:03:07.636240
310,10000000000,9.05312967885203,5.75838622136975,1.69636210819942,3.57718852925733,COMPLETE,,"[""complex3_12subtasks(dc1, dnc2, dnc3, nd(2, 3))""]",0,1,00:02:24.892888
311,10000000000,1.62094485518971,0.133208934380227,5.82598702243663,0.397114527128312,COMPLETE,,"[""complex3_12subtasks(dc1, dnc2, dnc3, nd(2, 3))""]",0,1,00:03:07.785921
312,10000000000,0.764120957216373,0.734947039993267,11.4108677769988,6.08400796051393,COMPLETE,,"[""complex3_12subtasks(dc1, dnc2, dnc3, nd(2, 3))""]",0,1,00:03:06.803380
313,10000000000,0.0784908208633697,103.45564786409,10.7060601616193,67.346820322964,COMPLETE,,"[""complex3_12subtasks(dc1, dnc2, dnc3, nd(2, 3))""]",0,1,00:03:07.379886
314,10000000000,0.150780440522765,112.939954127496,14.5479397590801,0.0105984386593937,COMPLETE,,"[""complex3_12subtasks(dc1, dnc2, dnc3, nd(2, 3))""]",0,1,00:03:06.482262
315,10000000000,10.3431156759198,0.440614220804969,1.02240776694208,0.390346714315452,COMPLETE,,"[""complex3_12subtasks(dc1, dnc2, dnc3, nd(2, 3))""]",0,1,00:02:07.023238
316,10000000000,2.10556921302446,0.128112715680656,2.27950078407201,0.246433196361471,COMPLETE,,"[""complex3_12subtasks(dc1, dnc2, dnc3, nd(2, 3))""]",0,1,00:03:06.255719
317,10000000000,0.0126978181773202,17.3098970333911,12.2995231467817,2.73836813146766,COMPLETE,,"[""complex3_12subtasks(dc1, dnc2, dnc3, nd(2, 3))""]",0,1,00:03:07.843386
318,10000000000,0.0275423335406281,51.9348842076909,1.70240486574737,0.0154135669295049,COMPLETE,,"[""complex3_12subtasks(dc1, dnc2, dnc3, nd(2, 3))""]",0,1,00:03:06.785286
319,10000000000,0.746050157922419,0.765342707450338,10.8906239931125,46.0070960090311,COMPLETE,,"[""complex3_12subtasks(dc1, dnc2, dnc3, nd(2, 3))""]",0,1,00:03:07.838738
320,10000000000,0.40439882815213,0.235836993676542,7.70764074679421,4.24910287571045,COMPLETE,,"[""complex3_12subtasks(dc1, dnc2, dnc3, nd(2, 3))""]",0,1,00:03:07.093443
321,10000000000,0.0349400134934728,0.383224461559053,11.5631381911479,0.184238355915379,COMPLETE,,"[""complex3_12subtasks(dc1, dnc2, dnc3, nd(2, 3))""]",0,1,00:03:07.761133
322,10000000000,11.2878001791313,3.89161918573715,14.0914333864913,0.0220863874523581,COMPLETE,,"[""complex3_12subtasks(dc1, dnc2, dnc3, nd(2, 3))""]",0,1,00:03:07.521556
323,10000000000,0.0145391259374946,7.35974853838375,5.12261482783477,0.241035133681062,COMPLETE,,"[""complex3_12subtasks(dc1, dnc2, dnc3, nd(2, 3))""]",0,1,00:03:07.049890
324,10000000000,0.401013041312942,36.673745757056,11.9690575192517,0.0110354659021453,COMPLETE,,"[""complex3_12subtasks(dc1, dnc2, dnc3, nd(2, 3))""]",0,1,00:03:07.901389
325,10000000000,0.0501495546806716,0.537403377036032,6.09491127418371,0.0480102293461519,COMPLETE,,"[""complex3_12subtasks(dc1, dnc2, dnc3, nd(2, 3))""]",0,1,00:03:06.571725
326,10000000000,0.0153823854787493,24.1486789877773,10.6173315567617,40.0710641023174,COMPLETE,,"[""complex3_12subtasks(dc1, dnc2, dnc3, nd(2, 3))""]",0,1,00:03:07.597327
327,10000000000,0.490924386833849,49.0771120431057,11.8504102147031,2.42934498637399,COMPLETE,,"[""complex3_12subtasks(dc1, dnc2, dnc3, nd(2, 3))""]",0,1,00:03:07.216779
328,10000000000,0.473423213041704,0.410285113515384,7.14285771474753,0.046422839951889,COMPLETE,,"[""complex3_12subtasks(dc1, dnc2, dnc3, nd(2, 3))""]",0,1,00:03:07.874582
329,10000000000,0.0704071014030937,1.73034966815861,5.91034084290881,0.186798060625061,COMPLETE,,"[""complex3_12subtasks(dc1, dnc2, dnc3, nd(2, 3))""]",0,1,00:03:07.157903
330,10000000000,0.017719476250801,23.5798833620203,4.68686080918379,10.3062055028223,COMPLETE,,"[""complex3_12subtasks(dc1, dnc2, dnc3, nd(2, 3))""]",0,1,00:03:07.683775
331,10000000000,2.15142681295982,10.3514735665739,12.8712480813856,0.0103107588007048,COMPLETE,,"[""complex3_12subtasks(dc1, dnc2, dnc3, nd(2, 3))""]",0,1,00:03:07.134267
332,10000000000,0.0413002801802754,16.6601139253084,8.45405641681044,0.101378796788823,COMPLETE,,"[""complex3_12subtasks(dc1, dnc2, dnc3, nd(2, 3))""]",0,1,00:03:07.278709
333,10000000000,1.68142407116356,0.147087307826345,2.07126889676769,2.61137589457922,COMPLETE,,"[""complex3_12subtasks(dc1, dnc2, dnc3, nd(2, 3))""]",0,1,00:03:07.588426
334,10000000000,0.0761909753102509,6.12031510322308,12.6436023056822,0.0320751214275756,COMPLETE,,"[""complex3_12subtasks(dc1, dnc2, dnc3, nd(2, 3))""]",0,1,00:03:07.146305
335,10000000000,6.92211975293504,111.977504364736,10.3890197974966,0.195412840886109,COMPLETE,,"[""complex3_12subtasks(dc1, dnc2, dnc3, nd(2, 3))""]",0,1,00:03:07.903411
336,10000000000,0.229396026069907,0.409682635142028,2.25834374950396,33.9725512724601,COMPLETE,,"[""complex3_12subtasks(dc1, dnc2, dnc3, nd(2, 3))""]",0,1,00:03:06.882849
337,10000000000,2.86887083017626,0.595566980978831,11.5669338927415,0.0101289614011691,COMPLETE,,"[""complex3_12subtasks(dc1, dnc2, dnc3, nd(2, 3))""]",0,1,00:03:07.737048
338,10000000000,0.0292833056559574,4.47990710492999,14.9629156847468,0.0107428653113434,COMPLETE,,"[""complex3_12subtasks(dc1, dnc2, dnc3, nd(2, 3))""]",0,1,00:03:07.131012
339,10000000000,11.6623638251026,131.136491148839,14.6806084882725,0.0617892080944943,COMPLETE,,"[""complex3_12subtasks(dc1, dnc2, dnc3, nd(2, 3))""]",0,1,00:03:07.421534
340,10000000000,0.343043002598915,80.6845457486881,7.97283913064308,10.0162788196849,COMPLETE,,"[""complex3_12subtasks(dc1, dnc2, dnc3, nd(2, 3))""]",0,1,00:03:07.312093
341,10000000000,2.53953089075539,122.407366052772,14.934724111717,1.91805988130422,COMPLETE,,"[""complex3_12subtasks(dc1, dnc2, dnc3, nd(2, 3))""]",0,1,00:03:07.611202
342,10000000000,0.0460096341256861,0.364819585678549,4.24117736082795,4.61903443006119,COMPLETE,,"[""complex3_12subtasks(dc1, dnc2, dnc3, nd(2, 3))""]",0,1,00:03:07.810076
343,10000000000,3.33959575344902,0.476095232462735,2.84528375551716,0.0120276461738973,COMPLETE,,"[""complex3_12subtasks(dc1, dnc2, dnc3, nd(2, 3))""]",0,1,00:03:06.979373
344,10000000000,2.92005037483258,0.54118734708179,6.08187564408331,0.0334484748122075,COMPLETE,,"[""complex3_12subtasks(dc1, dnc2, dnc3, nd(2, 3))""]",0,1,00:03:07.672157
345,10000000000,0.161370225687188,0.476371455785089,6.05579937996851,29.3065685215215,COMPLETE,,"[""complex3_12subtasks(dc1, dnc2, dnc3, nd(2, 3))""]",0,1,00:03:06.369017
346,10000000000,0.453346989961974,0.414212908887016,5.67651179374293,0.295768589652093,COMPLETE,,"[""complex3_12subtasks(dc1, dnc2, dnc3, nd(2, 3))""]",0,1,00:03:07.817421
347,10000000000,0.267347758980459,8.09709390064215,9.07407917540061,0.57925187213337,COMPLETE,,"[""complex3_12subtasks(dc1, dnc2, dnc3, nd(2, 3))""]",0,1,00:03:06.659923
348,10000000000,0.0863088912182382,99.0723486591274,14.2839293904038,25.4206384920326,COMPLETE,,"[""complex3_12subtasks(dc1, dnc2, dnc3, nd(2, 3))""]",0,1,00:03:07.620513
349,10000000000,0.052391713332864,0.942444208515559,14.8323442669071,0.0105138047346092,COMPLETE,,"[""complex3_12subtasks(dc1, dnc2, dnc3, nd(2, 3))""]",0,1,00:03:06.586273
350,10000000000,0.706559639794993,0.151500999727936,14.3974564119539,0.0128970781511752,COMPLETE,,"[""complex3_12subtasks(dc1, dnc2, dnc3, nd(2, 3))""]",0,1,00:03:07.553603
351,10000000000,0.0227625729451564,0.484345326966716,12.0964693989265,0.0113872396254072,COMPLETE,,"[""complex3_12subtasks(dc1, dnc2, dnc3, nd(2, 3))""]",0,1,00:03:07.474736
352,10000000000,0.0302047396549807,2.12080893534857,4.3478519919038,1.02439431449457,COMPLETE,,"[""complex3_12subtasks(dc1, dnc2, dnc3, nd(2, 3))""]",0,1,00:03:06.821650
353,10000000000,0.0168430567004116,29.5193850752813,13.5785742028778,63.0856034818726,COMPLETE,,"[""complex3_12subtasks(dc1, dnc2, dnc3, nd(2, 3))""]",0,1,00:03:07.631163
354,10000000000,0.0850305620652603,75.5058529867831,8.71235544042465,0.133434829682052,COMPLETE,,"[""complex3_12subtasks(dc1, dnc2, dnc3, nd(2, 3))""]",0,1,00:03:06.783711
355,10000000000,0.0102711409895709,0.416835519812308,1.78958348454039,0.182900527676215,COMPLETE,,"[""complex3_12subtasks(dc1, dnc2, dnc3, nd(2, 3))""]",0,1,00:03:07.674551
356,10000000000,0.0438596393321373,0.787309351118902,1.54220777077204,0.012308775352667,COMPLETE,,"[""complex3_12subtasks(dc1, dnc2, dnc3, nd(2, 3))""]",0,1,00:03:06.850768
357,10000000000,1.59879667826488,26.710177415794,5.97643723753209,0.0298137704553574,COMPLETE,,"[""complex3_12subtasks(dc1, dnc2, dnc3, nd(2, 3))""]",0,1,00:03:07.590857
358,10000000000,0.0195796663792616,1.24390511525085,4.93642784185766,0.0302673710022848,COMPLETE,,"[""complex3_12subtasks(dc1, dnc2, dnc3, nd(2, 3))""]",0,1,00:03:06.929007
359,10000000000,0.295771984206071,4.50697149010092,6.04917855130737,0.426779426122967,COMPLETE,,"[""complex3_12subtasks(dc1, dnc2, dnc3, nd(2, 3))""]",0,1,00:03:07.590421
360,10000000000,0.0111186727008446,0.781544266010938,12.5418183008407,0.115769781451979,COMPLETE,,"[""complex3_12subtasks(dc1, dnc2, dnc3, nd(2, 3))""]",0,1,00:03:07.250188
361,10000000000,12.1596452488327,50.0603855095854,14.957438265863,2.18911132968942,COMPLETE,,"[""complex3_12subtasks(dc1, dnc2, dnc3, nd(2, 3))""]",0,1,00:03:07.061809
362,10000000000,0.0371740653889352,32.6019665555097,9.00427380495191,6.7844947731142,COMPLETE,,"[""complex3_12subtasks(dc1, dnc2, dnc3, nd(2, 3))""]",0,1,00:03:07.552702
363,10000000000,0.385832639160947,0.289273549771533,3.7401147924599,2.72602964286283,COMPLETE,,"[""complex3_12subtasks(dc1, dnc2, dnc3, nd(2, 3))""]",0,1,00:03:06.570181
364,10000000000,1.38035088339243,0.262026621062957,10.6628863799956,0.013785315360901,COMPLETE,,"[""complex3_12subtasks(dc1, dnc2, dnc3, nd(2, 3))""]",0,1,00:03:07.643847
365,10000000000,7.44443638276464,0.130710246073419,5.19733122247241,0.0670433422045832,COMPLETE,,"[""complex3_12subtasks(dc1, dnc2, dnc3, nd(2, 3))""]",0,1,00:03:05.903394
366,10000000000,0.0425724895496718,0.104586966689384,12.1342487121778,0.443393490591054,COMPLETE,,"[""complex3_12subtasks(dc1, dnc2, dnc3, nd(2, 3))""]",0,1,00:03:07.764505
367,10000000000,0.281967246114937,0.199122121848096,12.8122503901941,65.2614863536535,COMPLETE,,"[""complex3_12subtasks(dc1, dnc2, dnc3, nd(2, 3))""]",0,1,00:03:07.211546
368,10000000000,0.0405846507918315,87.131648195507,10.7911766443833,6.88394250794884,COMPLETE,,"[""complex3_12subtasks(dc1, dnc2, dnc3, nd(2, 3))""]",0,1,00:03:07.421788
369,10000000000,0.0478420988557416,4.40117673119013,12.7988711860721,0.114875798868803,COMPLETE,,"[""complex3_12subtasks(dc1, dnc2, dnc3, nd(2, 3))""]",0,1,00:03:07.239181
370,10000000000,0.276570961034215,13.6029862315398,14.9216340872224,0.0155308642740077,COMPLETE,,"[""complex3_12subtasks(dc1, dnc2, dnc3, nd(2, 3))""]",0,1,00:03:07.620225
371,10000000000,0.135872619646122,2.26773257541175,7.59231273380945,12.2876128823512,COMPLETE,,"[""complex3_12subtasks(dc1, dnc2, dnc3, nd(2, 3))""]",0,1,00:03:07.588980
372,10000000000,0.118864073489818,5.79978411446337,3.84070774921288,0.564270842970108,COMPLETE,,"[""complex3_12subtasks(dc1, dnc2, dnc3, nd(2, 3))""]",0,1,00:03:07.450665
373,10000000000,0.0166816363349382,130.872823618047,1.02140448884197,28.2090376024521,COMPLETE,,"[""complex3_12subtasks(dc1, dnc2, dnc3, nd(2, 3))""]",0,1,00:03:07.578572
374,10000000000,0.0197358328132735,0.320792349568778,14.8425708156624,0.131881597115516,COMPLETE,,"[""complex3_12subtasks(dc1, dnc2, dnc3, nd(2, 3))""]",0,1,00:03:06.323271
375,10000000000,0.323967294070759,23.9938142364532,5.41170480903198,0.0882854571475142,COMPLETE,,"[""complex3_12subtasks(dc1, dnc2, dnc3, nd(2, 3))""]",0,1,00:03:07.639749
376,10000000000,0.033903808802893,4.28499082954388,10.2614545035586,0.0449461590374596,COMPLETE,,"[""complex3_12subtasks(dc1, dnc2, dnc3, nd(2, 3))""]",0,1,00:03:06.465662
377,10000000000,5.9835847874536,0.141424429420771,0.808055401934512,0.331253237243354,COMPLETE,,"[""complex3_12subtasks(dc1, dnc2, dnc3, nd(2, 3))""]",0,1,00:02:25.458515
378,10000000000,1.63710197789754,0.233580543907516,2.20510001840147,0.0606279837723635,COMPLETE,,"[""complex3_12subtasks(dc1, dnc2, dnc3, nd(2, 3))""]",0,1,00:03:06.251023
379,10000000000,0.023375065706734,0.351575918025069,5.72643803340666,0.0223969559179318,COMPLETE,,"[""complex3_12subtasks(dc1, dnc2, dnc3, nd(2, 3))""]",0,1,00:03:07.779492
380,10000000000,6.75480922358524,0.34071913267615,2.22018086221019,0.0500482065582493,COMPLETE,,"[""complex3_12subtasks(dc1, dnc2, dnc3, nd(2, 3))""]",0,1,00:02:15.914246
381,10000000000,13.515289888794,100.032177800877,12.2766965336865,1.4445997809088,COMPLETE,,"[""complex3_12subtasks(dc1, dnc2, dnc3, nd(2, 3))""]",0,1,00:03:07.130300
382,10000000000,0.226251846260552,143.793956130334,11.8233291294635,9.6839623904822,COMPLETE,,"[""complex3_12subtasks(dc1, dnc2, dnc3, nd(2, 3))""]",0,1,00:03:07.207029
383,10000000000,0.0703365849921187,1.50098877541353,5.16438632293559,12.4163515216436,COMPLETE,,"[""complex3_12subtasks(dc1, dnc2, dnc3, nd(2, 3))""]",0,1,00:03:07.613366
384,10000000000,0.0101118056310771,99.9312245724313,11.8776536090441,39.9552103353128,COMPLETE,,"[""complex3_12subtasks(dc1, dnc2, dnc3, nd(2, 3))""]",0,1,00:03:07.190920
385,10000000000,0.266297549044025,10.7948257873057,11.5958423363383,0.0584050869615267,COMPLETE,,"[""complex3_12subtasks(dc1, dnc2, dnc3, nd(2, 3))""]",0,1,00:03:07.511144
386,10000000000,0.541733974256995,29.9252894662018,9.24499238980547,0.0443958349352023,COMPLETE,,"[""complex3_12subtasks(dc1, dnc2, dnc3, nd(2, 3))""]",0,1,00:03:07.738929
387,10000000000,3.02904633297455,1.08712980567577,4.65023429236719,0.220118150588391,COMPLETE,,"[""complex3_12subtasks(dc1, dnc2, dnc3, nd(2, 3))""]",0,1,00:03:06.426352
388,10000000000,0.406733521534873,0.175966900662847,9.55994433890233,66.8996118732772,COMPLETE,,"[""complex3_12subtasks(dc1, dnc2, dnc3, nd(2, 3))""]",0,1,00:03:08.037105
389,10000000000,0.267892631376631,25.5540230649404,9.28403178721257,9.97974441622599,COMPLETE,,"[""complex3_12subtasks(dc1, dnc2, dnc3, nd(2, 3))""]",0,1,00:03:06.602288
390,10000000000,6.22955433274526,5.7641231595196,10.9000226066413,0.0245872324537617,COMPLETE,,"[""complex3_12subtasks(dc1, dnc2, dnc3, nd(2, 3))""]",0,1,00:03:07.777930
391,10000000000,0.553204578326489,1.0994860707213,4.90001244497428,5.66954899073508,COMPLETE,,"[""complex3_12subtasks(dc1, dnc2, dnc3, nd(2, 3))""]",0,1,00:03:07.047984
392,10000000000,1.98235530210289,17.529558843573,14.8686161623496,0.0269176244757388,COMPLETE,,"[""complex3_12subtasks(dc1, dnc2, dnc3, nd(2, 3))""]",0,1,00:03:07.617471
393,10000000000,0.0450183162682488,0.354623356961829,6.43343380529939,4.12959970405012,COMPLETE,,"[""complex3_12subtasks(dc1, dnc2, dnc3, nd(2, 3))""]",0,1,00:03:07.467598
394,10000000000,0.0159106440919491,5.04977729430343,3.58528909295015,0.0128907542927766,COMPLETE,,"[""complex3_12subtasks(dc1, dnc2, dnc3, nd(2, 3))""]",0,1,00:03:07.404540
395,10000000000,6.93271634522586,8.61560668835948,11.6888508592554,0.233697394266395,COMPLETE,,"[""complex3_12subtasks(dc1, dnc2, dnc3, nd(2, 3))""]",0,1,00:03:07.431078
396,10000000000,0.12294058142836,58.7542741103979,14.9617797809812,0.0608082050600465,COMPLETE,,"[""complex3_12subtasks(dc1, dnc2, dnc3, nd(2, 3))""]",0,1,00:03:07.385874
397,10000000000,6.84837679457227,1.89700037253102,12.449204595073,2.31164040334122,COMPLETE,,"[""complex3_12subtasks(dc1, dnc2, dnc3, nd(2, 3))""]",0,1,00:03:07.579261
398,10000000000,0.175795891982825,129.850683651703,11.1496631078275,0.0176415517368778,COMPLETE,,"[""complex3_12subtasks(dc1, dnc2, dnc3, nd(2, 3))""]",0,1,00:03:06.526378
399,10000000000,0.0105766436669529,0.116529405838729,9.88092598877571,0.375505544330315,COMPLETE,,"[""complex3_12subtasks(dc1, dnc2, dnc3, nd(2, 3))""]",0,1,00:03:07.608739
400,10000000000,0.0106549173695601,22.3813771735757,10.0463882419531,7.70148022013244,COMPLETE,,"[""complex3_12subtasks(dc1, dnc2, dnc3, nd(2, 3))""]",0,1,00:03:07.003551
401,10000000000,0.0228010765916374,14.4897172619535,11.4627389870144,0.0159641364167571,COMPLETE,,"[""complex3_12subtasks(dc1, dnc2, dnc3, nd(2, 3))""]",0,1,00:03:07.850196
402,10000000000,0.0980575282018134,0.1870282144641,1.93294552558031,0.355050860138622,COMPLETE,,"[""complex3_12subtasks(dc1, dnc2, dnc3, nd(2, 3))""]",0,1,00:03:07.100233
403,10000000000,0.777750845348143,98.1435808226735,12.8177461747562,0.020883129502641,COMPLETE,,"[""complex3_12subtasks(dc1, dnc2, dnc3, nd(2, 3))""]",0,1,00:03:07.268696
404,10000000000,0.0763309405520016,17.341141001918,7.19359565480746,0.917912039887285,COMPLETE,,"[""complex3_12subtasks(dc1, dnc2, dnc3, nd(2, 3))""]",0,1,00:03:07.767819
405,10000000000,0.434540633614789,0.268531301082018,0.649143802946233,1.85296555466068,COMPLETE,,"[""complex3_12subtasks(dc1, dnc2, dnc3, nd(2, 3))""]",0,1,00:03:07.512015
406,10000000000,3.84458410749365,26.8553300588481,10.8430937824084,7.26085064226655,COMPLETE,,"[""complex3_12subtasks(dc1, dnc2, dnc3, nd(2, 3))""]",0,1,00:03:07.703358
407,10000000000,0.0171297307781838,0.242937635691875,10.5993296598907,0.010639036046676,COMPLETE,,"[""complex3_12subtasks(dc1, dnc2, dnc3, nd(2, 3))""]",0,1,00:03:06.462180
408,10000000000,0.0286621918199609,124.641885705074,1.79724899155543,3.46781097310961,COMPLETE,,"[""complex3_12subtasks(dc1, dnc2, dnc3, nd(2, 3))""]",0,1,00:03:07.823237
409,10000000000,0.068446473623689,0.122401509193112,11.2411735381056,0.0806198157544705,COMPLETE,,"[""complex3_12subtasks(dc1, dnc2, dnc3, nd(2, 3))""]",0,1,00:03:07.036986
410,10000000000,1.3314039739255,0.522662532609302,12.6213671065377,0.0719824985838643,COMPLETE,,"[""complex3_12subtasks(dc1, dnc2, dnc3, nd(2, 3))""]",0,1,00:03:07.747366
411,10000000000,0.384779947913374,4.11076794755334,1.55641363142906,7.68090550230532,COMPLETE,,"[""complex3_12subtasks(dc1, dnc2, dnc3, nd(2, 3))""]",0,1,00:03:07.061045
412,10000000000,0.202648411934809,0.658750663740055,8.78396280101191,8.91393055779987,COMPLETE,,"[""complex3_12subtasks(dc1, dnc2, dnc3, nd(2, 3))""]",0,1,00:03:07.810297
413,10000000000,13.0193765050804,7.37595620377278,6.0998826944084,0.153792966992215,COMPLETE,,"[""complex3_12subtasks(dc1, dnc2, dnc3, nd(2, 3))""]",0,1,00:03:07.042945
414,10000000000,0.146520909678804,33.2684369486602,3.83497275420349,2.1652422222264,COMPLETE,,"[""complex3_12subtasks(dc1, dnc2, dnc3, nd(2, 3))""]",0,1,00:03:07.150337
415,10000000000,0.209532949998609,3.82481925913299,2.58309049579281,0.0456897500127462,COMPLETE,,"[""complex3_12subtasks(dc1, dnc2, dnc3, nd(2, 3))""]",0,1,00:03:07.565142
416,10000000000,0.0667125331237506,3.57670595992323,13.8930652991982,3.45340878736865,COMPLETE,,"[""complex3_12subtasks(dc1, dnc2, dnc3, nd(2, 3))""]",0,1,00:03:07.517265
417,10000000000,1.17470235562638,0.44997754452803,0.11565431278059,12.6179184689337,COMPLETE,,"[""complex3_12subtasks(dc1, dnc2, dnc3, nd(2, 3))""]",0,1,00:02:16.314643
418,10000000000,0.0115072202820944,129.971645807235,11.237541952012,6.06782957832884,COMPLETE,,"[""complex3_12subtasks(dc1, dnc2, dnc3, nd(2, 3))""]",0,1,00:03:07.760550
419,10000000000,0.070917015424569,142.611853774948,4.15174681632446,9.18961615432084,COMPLETE,,"[""complex3_12subtasks(dc1, dnc2, dnc3, nd(2, 3))""]",0,1,00:03:07.988402
420,10000000000,0.0330558848989742,4.58456517584097,11.707465317188,0.0148881805876416,COMPLETE,,"[""complex3_12subtasks(dc1, dnc2, dnc3, nd(2, 3))""]",0,1,00:03:06.887037
421,10000000000,0.190931475267182,0.135416173086092,5.28298226074413,3.97766772800172,COMPLETE,,"[""complex3_12subtasks(dc1, dnc2, dnc3, nd(2, 3))""]",0,1,00:03:07.730705
422,10000000000,0.091045651524359,52.7781313426484,7.99867282266429,4.12996341950777,COMPLETE,,"[""complex3_12subtasks(dc1, dnc2, dnc3, nd(2, 3))""]",0,1,00:03:07.035999
423,10000000000,0.777328167703368,0.214038142338923,7.82898956035712,0.404585141560432,COMPLETE,,"[""complex3_12subtasks(dc1, dnc2, dnc3, nd(2, 3))""]",0,1,00:03:07.569190
424,10000000000,0.272538441918712,6.96316606048354,7.00683189804621,0.0555158584561844,COMPLETE,,"[""complex3_12subtasks(dc1, dnc2, dnc3, nd(2, 3))""]",0,1,00:03:07.454427
425,10000000000,0.0224810910758503,148.370408558346,3.79623713011639,9.99786062199131,COMPLETE,,"[""complex3_12subtasks(dc1, dnc2, dnc3, nd(2, 3))""]",0,1,00:03:07.388509
426,10000000000,0.300449475048167,117.923964554204,10.1891156630783,2.68975681602906,COMPLETE,,"[""complex3_12subtasks(dc1, dnc2, dnc3, nd(2, 3))""]",0,1,00:03:07.801526
427,10000000000,0.0459705629437157,0.106274413028125,13.6344873136344,0.0129163900600552,COMPLETE,,"[""complex3_12subtasks(dc1, dnc2, dnc3, nd(2, 3))""]",0,1,00:03:07.375979
428,10000000000,0.623274127449449,0.203214697321874,5.60830088309585,0.0792028952197593,COMPLETE,,"[""complex3_12subtasks(dc1, dnc2, dnc3, nd(2, 3))""]",0,1,00:03:07.684850
429,10000000000,0.592194236981216,0.168858917623095,11.1759446253959,15.1051476440113,COMPLETE,,"[""complex3_12subtasks(dc1, dnc2, dnc3, nd(2, 3))""]",0,1,00:03:06.806018
430,10000000000,0.0563408151497959,0.229426303856067,3.92894193231524,0.0160383147187973,COMPLETE,,"[""complex3_12subtasks(dc1, dnc2, dnc3, nd(2, 3))""]",0,1,00:03:08.148304
431,10000000000,2.48675829401763,0.356016013338019,3.02432079503248,0.33806872517077,COMPLETE,,"[""complex3_12subtasks(dc1, dnc2, dnc3, nd(2, 3))""]",0,1,00:03:06.698907
432,10000000000,0.014225148164082,0.232638141855569,4.78393590049835,0.0133411269220775,COMPLETE,,"[""complex3_12subtasks(dc1, dnc2, dnc3, nd(2, 3))""]",0,1,00:03:07.790973
433,10000000000,0.0233834799667222,131.334115364377,13.0044964787278,59.3243777410032,COMPLETE,,"[""complex3_12subtasks(dc1, dnc2, dnc3, nd(2, 3))""]",0,1,00:03:07.377007
434,10000000000,0.0415035169193434,27.4338117349161,13.7586379957542,5.73524871034835,COMPLETE,,"[""complex3_12subtasks(dc1, dnc2, dnc3, nd(2, 3))""]",0,1,00:03:07.457032
435,10000000000,3.12301511502887,0.108848964913349,3.32385715699807,0.996497952019675,COMPLETE,,"[""complex3_12subtasks(dc1, dnc2, dnc3, nd(2, 3))""]",0,1,00:03:07.251315
436,10000000000,3.53351126499752,27.0814186004883,12.7854397995456,0.479101606308726,COMPLETE,,"[""complex3_12subtasks(dc1, dnc2, dnc3, nd(2, 3))""]",0,1,00:03:06.505711
437,10000000000,1.15167182515376,124.793200593579,8.5246370508691,10.0963266194025,COMPLETE,,"[""complex3_12subtasks(dc1, dnc2, dnc3, nd(2, 3))""]",0,1,00:03:07.493577
438,10000000000,0.150168981489261,24.3867078759312,8.42567850047921,0.282570089594953,COMPLETE,,"[""complex3_12subtasks(dc1, dnc2, dnc3, nd(2, 3))""]",0,1,00:03:06.618906
439,10000000000,0.818303934601227,0.12457322414647,9.78986045960254,0.0160062655110048,COMPLETE,,"[""complex3_12subtasks(dc1, dnc2, dnc3, nd(2, 3))""]",0,1,00:03:08.011187
440,10000000000,0.201385130039564,9.40557063037743,10.7148812820498,57.5914261636964,COMPLETE,,"[""complex3_12subtasks(dc1, dnc2, dnc3, nd(2, 3))""]",0,1,00:03:06.680955
441,10000000000,0.594608418277578,0.10039521553883,3.62625196516621,0.226615625101974,COMPLETE,,"[""complex3_12subtasks(dc1, dnc2, dnc3, nd(2, 3))""]",0,1,00:03:07.981635
442,10000000000,0.573788690191078,123.16919541394,9.93806322893401,0.0830642390029286,COMPLETE,,"[""complex3_12subtasks(dc1, dnc2, dnc3, nd(2, 3))""]",0,1,00:03:06.777894
443,10000000000,4.41197069857069,27.8461612310545,14.5904274985732,0.0137965023901598,COMPLETE,,"[""complex3_12subtasks(dc1, dnc2, dnc3, nd(2, 3))""]",0,1,00:03:07.649520
444,10000000000,0.10594040740924,36.2832031523968,0.521090303537186,25.9968513406617,COMPLETE,,"[""complex3_12subtasks(dc1, dnc2, dnc3, nd(2, 3))""]",0,1,00:03:07.237840
445,10000000000,0.092949872059616,0.54829987670994,9.8959404298304,0.0229135582417256,COMPLETE,,"[""complex3_12subtasks(dc1, dnc2, dnc3, nd(2, 3))""]",0,1,00:03:07.170857
446,10000000000,0.122657856776483,9.95365123614714,7.96895486671042,0.0935973428423671,COMPLETE,,"[""complex3_12subtasks(dc1, dnc2, dnc3, nd(2, 3))""]",0,1,00:03:07.848492
447,10000000000,0.811227806904531,0.474526508496905,12.4688640460113,20.3523013130431,COMPLETE,,"[""complex3_12subtasks(dc1, dnc2, dnc3, nd(2, 3))""]",0,1,00:03:06.538094
448,10000000000,0.424585029068037,0.412981812581739,5.42396851132414,41.7279942503972,COMPLETE,,"[""complex3_12subtasks(dc1, dnc2, dnc3, nd(2, 3))""]",0,1,00:03:07.752375
449,10000000000,0.101893672210557,0.669276654944782,4.10467649194811,0.200614579207174,COMPLETE,,"[""complex3_12subtasks(dc1, dnc2, dnc3, nd(2, 3))""]",0,1,00:03:06.909078
450,10000000000,0.0228930246732389,0.460221960694406,9.23570596742463,28.6691985496891,COMPLETE,,"[""complex3_12subtasks(dc1, dnc2, dnc3, nd(2, 3))""]",0,1,00:03:07.567889
451,10000000000,1.63491249119073,0.719555559167829,3.24296210813185,0.0665532945835966,COMPLETE,,"[""complex3_12subtasks(dc1, dnc2, dnc3, nd(2, 3))""]",0,1,00:03:07.210305
452,10000000000,0.0294997493994832,1.77338814180752,12.3284553802359,0.0319533216733904,COMPLETE,,"[""complex3_12subtasks(dc1, dnc2, dnc3, nd(2, 3))""]",0,1,00:03:07.884052
453,10000000000,0.0174838839918912,4.15415709128949,14.6959186839742,0.0386514018550538,COMPLETE,,"[""complex3_12subtasks(dc1, dnc2, dnc3, nd(2, 3))""]",0,1,00:03:07.312448
454,10000000000,0.650195490252443,0.86732952743045,0.113379930922964,0.244616910414816,COMPLETE,,"[""complex3_12subtasks(dc1, dnc2, dnc3, nd(2, 3))""]",0,1,00:02:07.002968
455,10000000000,0.0192302152517157,0.365569806229907,14.9381732090092,0.0160068228974216,COMPLETE,,"[""complex3_12subtasks(dc1, dnc2, dnc3, nd(2, 3))""]",0,1,00:03:06.892308
456,10000000000,0.0290182458777569,45.6644615386615,11.6823310628325,0.818635652066445,COMPLETE,,"[""complex3_12subtasks(dc1, dnc2, dnc3, nd(2, 3))""]",0,1,00:03:07.929148
457,10000000000,0.0127697605793873,143.768252870883,7.47850167771534,11.8252173093276,COMPLETE,,"[""complex3_12subtasks(dc1, dnc2, dnc3, nd(2, 3))""]",0,1,00:03:07.530607
458,10000000000,0.344937653356565,0.787466568326689,10.2459625689851,53.9624181405252,COMPLETE,,"[""complex3_12subtasks(dc1, dnc2, dnc3, nd(2, 3))""]",0,1,00:03:07.622464
459,10000000000,0.27815229515145,26.9012868542866,7.14873834512319,0.0413495939788718,COMPLETE,,"[""complex3_12subtasks(dc1, dnc2, dnc3, nd(2, 3))""]",0,1,00:03:07.804941
460,10000000000,0.0177776489664001,0.133820986298343,14.9129001320631,0.0947984418770011,COMPLETE,,"[""complex3_12subtasks(dc1, dnc2, dnc3, nd(2, 3))""]",0,1,00:03:06.644945
461,10000000000,0.0620073435813791,0.114688645778797,5.7927989520279,11.9994763599572,COMPLETE,,"[""complex3_12subtasks(dc1, dnc2, dnc3, nd(2, 3))""]",0,1,00:03:07.807396
462,10000000000,0.370876405792618,0.612453868154249,9.42789038742198,0.16680522150685,COMPLETE,,"[""complex3_12subtasks(dc1, dnc2, dnc3, nd(2, 3))""]",0,1,00:03:06.826615
463,10000000000,0.888759332886235,0.103945366863699,0.34379246225468,0.222761371225857,COMPLETE,,"[""complex3_12subtasks(dc1, dnc2, dnc3, nd(2, 3))""]",0,1,00:02:44.894399
464,10000000000,0.866110385442679,37.9976896986837,13.0999078055053,0.0135409275047188,COMPLETE,,"[""complex3_12subtasks(dc1, dnc2, dnc3, nd(2, 3))""]",0,1,00:03:07.358437
465,10000000000,0.0106101090394692,32.3540107207105,10.4211925158932,3.00219377642473,COMPLETE,,"[""complex3_12subtasks(dc1, dnc2, dnc3, nd(2, 3))""]",0,1,00:03:07.825400
466,10000000000,0.174228931765273,41.6729487294234,13.7001535077116,0.0112187587922255,COMPLETE,,"[""complex3_12subtasks(dc1, dnc2, dnc3, nd(2, 3))""]",0,1,00:03:07.437289
467,10000000000,0.197271205733741,101.728610189868,8.19846663331028,6.76433777100629,COMPLETE,,"[""complex3_12subtasks(dc1, dnc2, dnc3, nd(2, 3))""]",0,1,00:03:07.471860
468,10000000000,6.23628242417094,22.7209363916982,0.404458540390367,69.7045113309374,COMPLETE,,"[""complex3_12subtasks(dc1, dnc2, dnc3, nd(2, 3))""]",0,1,00:02:26.297346
469,10000000000,6.31224494606166,10.9597570296168,13.6678757396115,0.031247619031245,COMPLETE,,"[""complex3_12subtasks(dc1, dnc2, dnc3, nd(2, 3))""]",0,1,00:03:07.632441
470,10000000000,0.0140672305041981,93.5072742880823,4.32015101887624,0.886190480115858,COMPLETE,,"[""complex3_12subtasks(dc1, dnc2, dnc3, nd(2, 3))""]",0,1,00:03:07.454750
471,10000000000,0.0406156138119392,0.154996390060878,13.5834252006108,0.748398796183668,COMPLETE,,"[""complex3_12subtasks(dc1, dnc2, dnc3, nd(2, 3))""]",0,1,00:03:07.440020
472,10000000000,0.0109819707252089,28.8620441113246,2.44815654528338,27.8820668276331,COMPLETE,,"[""complex3_12subtasks(dc1, dnc2, dnc3, nd(2, 3))""]",0,1,00:03:07.761194
473,10000000000,12.2085323204986,51.4417580742312,14.0679688023802,0.474733459984093,COMPLETE,,"[""complex3_12subtasks(dc1, dnc2, dnc3, nd(2, 3))""]",0,1,00:03:06.842562
474,10000000000,0.617556670540373,39.6999373063678,7.83380582675811,2.31000982278129,COMPLETE,,"[""complex3_12subtasks(dc1, dnc2, dnc3, nd(2, 3))""]",0,1,00:03:07.691105
475,10000000000,0.0681027304125972,21.5094895947235,10.6792865552681,0.0393843123930683,COMPLETE,,"[""complex3_12subtasks(dc1, dnc2, dnc3, nd(2, 3))""]",0,1,00:03:06.576616
476,10000000000,0.0475988520777523,30.8732640043837,12.4777876365639,53.8898905811055,COMPLETE,,"[""complex3_12subtasks(dc1, dnc2, dnc3, nd(2, 3))""]",0,1,00:03:07.959350
477,10000000000,0.103605476670282,0.388033808237051,6.46311074068058,1.29400934755058,COMPLETE,,"[""complex3_12subtasks(dc1, dnc2, dnc3, nd(2, 3))""]",0,1,00:03:06.795962
478,10000000000,0.0664672936055761,5.32053527251277,3.92575074079871,0.390412405032419,COMPLETE,,"[""complex3_12subtasks(dc1, dnc2, dnc3, nd(2, 3))""]",0,1,00:03:07.673909
479,10000000000,4.26252035551873,33.6419138217437,13.1205935347401,5.90117584603533,COMPLETE,,"[""complex3_12subtasks(dc1, dnc2, dnc3, nd(2, 3))""]",0,1,00:03:06.822470
480,10000000000,0.161883529182678,1.13503030209402,4.21912403903883,15.6829427171595,COMPLETE,,"[""complex3_12subtasks(dc1, dnc2, dnc3, nd(2, 3))""]",0,1,00:03:07.147513
481,10000000000,0.16565117213064,2.48852808214901,6.0389832447616,1.99462799302106,COMPLETE,,"[""complex3_12subtasks(dc1, dnc2, dnc3, nd(2, 3))""]",0,1,00:03:07.485428
482,10000000000,0.0407466832293124,110.515742559312,12.828557380863,0.119335681482748,COMPLETE,,"[""complex3_12subtasks(dc1, dnc2, dnc3, nd(2, 3))""]",0,1,00:03:06.804259
483,10000000000,0.0381560455904923,70.5817161827263,10.3360159535745,25.5528014214331,COMPLETE,,"[""complex3_12subtasks(dc1, dnc2, dnc3, nd(2, 3))""]",0,1,00:03:07.588634
484,10000000000,0.658667110341312,0.13086883395374,2.38127412155085,3.19691959267414,COMPLETE,,"[""complex3_12subtasks(dc1, dnc2, dnc3, nd(2, 3))""]",0,1,00:03:07.151959
485,10000000000,2.88250149126412,0.311258986564492,6.09762202666676,0.134203740963232,COMPLETE,,"[""complex3_12subtasks(dc1, dnc2, dnc3, nd(2, 3))""]",0,1,00:03:07.902166
486,10000000000,1.89980884576782,4.26946782983067,12.0746995778993,0.0342560567081247,COMPLETE,,"[""complex3_12subtasks(dc1, dnc2, dnc3, nd(2, 3))""]",0,1,00:03:06.982598
487,10000000000,0.361098279548007,4.0839038402108,11.1635551080043,0.0260305109603199,COMPLETE,,"[""complex3_12subtasks(dc1, dnc2, dnc3, nd(2, 3))""]",0,1,00:03:08.024409
488,10000000000,0.0136363964386837,0.669732835494511,11.8501145272185,0.584337244025223,COMPLETE,,"[""complex3_12subtasks(dc1, dnc2, dnc3, nd(2, 3))""]",0,1,00:03:07.350103
489,10000000000,3.91604786106889,0.409944672627633,0.173000155436618,0.0965262166511935,COMPLETE,,"[""complex3_12subtasks(dc1, dnc2, dnc3, nd(2, 3))""]",0,1,00:02:06.719112
490,10000000000,0.304561736002805,9.71153062472661,11.2086485343467,4.42455298701717,COMPLETE,,"[""complex3_12subtasks(dc1, dnc2, dnc3, nd(2, 3))""]",0,1,00:03:06.824442
491,10000000000,0.403774731636303,113.299239639182,6.89862048411146,0.410595029179724,COMPLETE,,"[""complex3_12subtasks(dc1, dnc2, dnc3, nd(2, 3))""]",0,1,00:03:07.767217
492,10000000000,0.08541621264223,3.4965626354134,13.8067030729737,0.0197510427529172,COMPLETE,,"[""complex3_12subtasks(dc1, dnc2, dnc3, nd(2, 3))""]",0,1,00:03:07.880235
493,10000000000,5.03004142484006,2.01082300895427,11.8638374283665,51.2559770665827,COMPLETE,,"[""complex3_12subtasks(dc1, dnc2, dnc3, nd(2, 3))""]",0,1,00:03:07.226043
494,10000000000,0.226927454373534,136.250976816499,13.186424452029,0.0214582862386273,COMPLETE,,"[""complex3_12subtasks(dc1, dnc2, dnc3, nd(2, 3))""]",0,1,00:03:07.633522
495,10000000000,0.0289807260152379,23.8080582225842,5.89799663639034,0.174643069965638,COMPLETE,,"[""complex3_12subtasks(dc1, dnc2, dnc3, nd(2, 3))""]",0,1,00:03:07.361832
496,10000000000,0.886686634328537,0.518357770227714,5.44061416225909,0.134917993975899,COMPLETE,,"[""complex3_12subtasks(dc1, dnc2, dnc3, nd(2, 3))""]",0,1,00:03:07.818414
497,10000000000,0.160768711594952,24.2915147374086,10.4544753058452,1.40733858511809,COMPLETE,,"[""complex3_12subtasks(dc1, dnc2, dnc3, nd(2, 3))""]",0,1,00:03:05.055571
498,10000000000,2.73561211484714,0.331828182123912,11.5003057850475,20.9163000805581,COMPLETE,,"[""complex3_12subtasks(dc1, dnc2, dnc3, nd(2, 3))""]",0,1,00:03:08.131934
499,10000000000,0.0146370441921043,36.4832146037194,13.7875278768039,4.83971200135065,COMPLETE,,"[""complex3_12subtasks(dc1, dnc2, dnc3, nd(2, 3))""]",0,1,00:03:06.834192
500,10000000000,0.0206071007887845,0.105417696050642,3.42603275723748,1.01776780287824,COMPLETE,,"[""complex3_12subtasks(dc1, dnc2, dnc3, nd(2, 3))""]",0,1,00:03:07.780498
501,10000000000,0.0432989682006544,4.67234610597822,7.65284626562267,0.510542708448578,COMPLETE,,"[""complex3_12subtasks(dc1, dnc2, dnc3, nd(2, 3))""]",0,1,00:03:06.878039
502,10000000000,0.11957156315821,0.304813449742217,10.1733438857741,4.49536175323242,COMPLETE,,"[""complex3_12subtasks(dc1, dnc2, dnc3, nd(2, 3))""]",0,1,00:03:07.639037
503,10000000000,11.0345404479195,11.1475682096976,11.9109245685721,0.0400757365742447,COMPLETE,,"[""complex3_12subtasks(dc1, dnc2, dnc3, nd(2, 3))""]",0,1,00:03:07.641190
504,10000000000,0.067685291438666,5.90999877505017,6.46179878707272,0.077806363025816,COMPLETE,,"[""complex3_12subtasks(dc1, dnc2, dnc3, nd(2, 3))""]",0,1,00:03:07.171928
505,10000000000,1.15449971770825,22.4665370373047,12.8417040120983,0.0107344278908362,COMPLETE,,"[""complex3_12subtasks(dc1, dnc2, dnc3, nd(2, 3))""]",0,1,00:03:07.455817
506,10000000000,11.9069276261626,1.29373518054186,4.55808811171105,0.0281950665424355,COMPLETE,,"[""complex3_12subtasks(dc1, dnc2, dnc3, nd(2, 3))""]",0,1,00:02:44.454032
507,10000000000,0.969165712149789,0.295971485151829,12.671069919857,59.183760458,COMPLETE,,"[""complex3_12subtasks(dc1, dnc2, dnc3, nd(2, 3))""]",0,1,00:03:07.768506
508,10000000000,0.134404708212536,0.547227695037192,6.89956059715175,4.11247380035595,COMPLETE,,"[""complex3_12subtasks(dc1, dnc2, dnc3, nd(2, 3))""]",0,1,00:03:06.830972
509,10000000000,0.0691073277898434,5.42170678301364,1.30599361195104,3.59411659868018,COMPLETE,,"[""complex3_12subtasks(dc1, dnc2, dnc3, nd(2, 3))""]",0,1,00:03:07.765604
510,10000000000,0.111888415055954,54.9562566292406,8.37041896276094,25.4349959443663,COMPLETE,,"[""complex3_12subtasks(dc1, dnc2, dnc3, nd(2, 3))""]",0,1,00:03:06.242059
511,10000000000,1.78660825657889,0.301247356177721,3.99416000842411,7.58733156033476,COMPLETE,,"[""complex3_12subtasks(dc1, dnc2, dnc3, nd(2, 3))""]",0,1,00:03:07.853254
512,10000000000,9.77149250574582,0.107224926428465,2.68305586646679,0.0135951381286058,COMPLETE,,"[""complex3_12subtasks(dc1, dnc2, dnc3, nd(2, 3))""]",0,1,00:02:15.496435
513,10000000000,0.166424941170701,1.57367058053816,14.9595202861975,0.073805322278203,COMPLETE,,"[""complex3_12subtasks(dc1, dnc2, dnc3, nd(2, 3))""]",0,1,00:03:07.725235
514,10000000000,0.216524269294479,4.24397195763334,2.1487024827704,0.392632246768891,COMPLETE,,"[""complex3_12subtasks(dc1, dnc2, dnc3, nd(2, 3))""]",0,1,00:03:07.031334
515,10000000000,0.877371894725983,18.7958677473247,14.7634989361649,0.206958792005291,COMPLETE,,"[""complex3_12subtasks(dc1, dnc2, dnc3, nd(2, 3))""]",0,1,00:03:07.172727
516,10000000000,1.32081337154617,0.182385806585507,11.3415869076179,0.0107183317075989,COMPLETE,,"[""complex3_12subtasks(dc1, dnc2, dnc3, nd(2, 3))""]",0,1,00:03:07.474361
517,10000000000,0.0293838350015609,0.625923962676083,6.22198070623797,0.0156626991078182,COMPLETE,,"[""complex3_12subtasks(dc1, dnc2, dnc3, nd(2, 3))""]",0,1,00:03:07.558962
518,10000000000,0.0112836514155206,0.130717286670064,14.1468627646175,0.589685688174717,COMPLETE,,"[""complex3_12subtasks(dc1, dnc2, dnc3, nd(2, 3))""]",0,1,00:03:08.031863
519,10000000000,12.1881251990133,78.0010729240292,14.2395395471382,22.5843345776678,COMPLETE,,"[""complex3_12subtasks(dc1, dnc2, dnc3, nd(2, 3))""]",0,1,00:03:07.063370
520,10000000000,2.71353735914857,1.40824545889577,1.22606818664654,1.96125041777686,COMPLETE,,"[""complex3_12subtasks(dc1, dnc2, dnc3, nd(2, 3))""]",0,1,00:03:07.445916
521,10000000000,0.0613295559496908,7.88953880008439,9.87779171769191,0.344254056891764,COMPLETE,,"[""complex3_12subtasks(dc1, dnc2, dnc3, nd(2, 3))""]",0,1,00:03:07.360664
522,10000000000,0.0527555742366075,22.875124267911,1.62416650199418,0.175082930846228,COMPLETE,,"[""complex3_12subtasks(dc1, dnc2, dnc3, nd(2, 3))""]",0,1,00:03:07.835021
523,10000000000,0.0683199544662604,117.085596439228,9.21995094480246,2.48358095481341,COMPLETE,,"[""complex3_12subtasks(dc1, dnc2, dnc3, nd(2, 3))""]",0,1,00:03:05.227246
524,10000000000,0.0146614645913703,0.343489641697306,9.99435601581015,0.0721588046249512,COMPLETE,,"[""complex3_12subtasks(dc1, dnc2, dnc3, nd(2, 3))""]",0,1,00:03:07.964243
525,10000000000,0.207390167369111,141.761185921046,8.20999128800506,59.9256935358037,COMPLETE,,"[""complex3_12subtasks(dc1, dnc2, dnc3, nd(2, 3))""]",0,1,00:03:07.469816
526,10000000000,1.00400494479267,33.468782140543,10.8284682413615,6.86199652400472,COMPLETE,,"[""complex3_12subtasks(dc1, dnc2, dnc3, nd(2, 3))""]",0,1,00:03:07.649559
527,10000000000,4.04785215427583,58.8793798980942,12.6840448364554,1.24152652808503,COMPLETE,,"[""complex3_12subtasks(dc1, dnc2, dnc3, nd(2, 3))""]",0,1,00:03:07.778143
528,10000000000,0.0213570675532805,0.679036769603725,3.00765357849428,0.0127114048756746,COMPLETE,,"[""complex3_12subtasks(dc1, dnc2, dnc3, nd(2, 3))""]",0,1,00:03:07.225693
529,10000000000,0.0620283977295178,15.6693991755988,11.9270226752485,0.0777392623245796,COMPLETE,,"[""complex3_12subtasks(dc1, dnc2, dnc3, nd(2, 3))""]",0,1,00:03:07.963309
530,10000000000,12.7193742111511,69.5784195880825,3.32079496357976,0.128993936007473,COMPLETE,,"[""complex3_12subtasks(dc1, dnc2, dnc3, nd(2, 3))""]",0,1,00:02:44.709867
531,10000000000,0.0140922383956527,86.0764506289044,3.07439678841525,12.1173359575107,COMPLETE,,"[""complex3_12subtasks(dc1, dnc2, dnc3, nd(2, 3))""]",0,1,00:03:07.588635
532,10000000000,0.0909890691999224,4.70216145593527,8.63870564374683,0.0225953950280622,COMPLETE,,"[""complex3_12subtasks(dc1, dnc2, dnc3, nd(2, 3))""]",0,1,00:03:06.355154
533,10000000000,0.0106968857820839,43.8731450545585,11.0697403472631,66.3266255041589,COMPLETE,,"[""complex3_12subtasks(dc1, dnc2, dnc3, nd(2, 3))""]",0,1,00:03:07.652581
534,10000000000,2.36115026307068,0.149804793148144,4.20923455485466,0.106884185334729,COMPLETE,,"[""complex3_12subtasks(dc1, dnc2, dnc3, nd(2, 3))""]",0,1,00:03:07.070847
535,10000000000,1.02488218154824,7.33795986483303,14.116463385966,0.0132064681377917,COMPLETE,,"[""complex3_12subtasks(dc1, dnc2, dnc3, nd(2, 3))""]",0,1,00:03:07.963428
536,10000000000,0.178274296146043,31.697749498475,14.9828013901268,0.0232739210640749,COMPLETE,,"[""complex3_12subtasks(dc1, dnc2, dnc3, nd(2, 3))""]",0,1,00:03:06.981582
537,10000000000,0.0158170171496883,11.9525837486032,13.3229744286392,0.0131272467985412,COMPLETE,,"[""complex3_12subtasks(dc1, dnc2, dnc3, nd(2, 3))""]",0,1,00:03:07.635722
538,10000000000,0.0161650419941057,0.653345625088789,4.76996523575087,0.0659321844637999,COMPLETE,,"[""complex3_12subtasks(dc1, dnc2, dnc3, nd(2, 3))""]",0,1,00:03:07.667618
539,10000000000,0.0234134317914244,0.53153885009708,12.8142004353453,0.0427370650857482,COMPLETE,,"[""complex3_12subtasks(dc1, dnc2, dnc3, nd(2, 3))""]",0,1,00:03:07.205975
540,10000000000,0.0110471996835072,19.4200207123382,6.17552198780219,1.36640240980405,COMPLETE,,"[""complex3_12subtasks(dc1, dnc2, dnc3, nd(2, 3))""]",0,1,00:03:07.380634
541,10000000000,1.18249970184088,0.118679606197168,1.16936789977599,1.85778568409956,COMPLETE,,"[""complex3_12subtasks(dc1, dnc2, dnc3, nd(2, 3))""]",0,1,00:03:06.404169
542,10000000000,0.16606993309033,0.103841425045748,2.77484377697819,2.64328977000635,COMPLETE,,"[""complex3_12subtasks(dc1, dnc2, dnc3, nd(2, 3))""]",0,1,00:03:07.848869
543,10000000000,1.02130260339194,15.9826443462702,9.3293290887547,0.337635858054037,COMPLETE,,"[""complex3_12subtasks(dc1, dnc2, dnc3, nd(2, 3))""]",0,1,00:03:06.811457
544,10000000000,0.19173163591982,109.031459064179,4.87241538851957,0.0159116701743457,COMPLETE,,"[""complex3_12subtasks(dc1, dnc2, dnc3, nd(2, 3))""]",0,1,00:03:07.974026
545,10000000000,0.135106350125645,0.604273504014041,12.1288736824027,0.015921060851026,COMPLETE,,"[""complex3_12subtasks(dc1, dnc2, dnc3, nd(2, 3))""]",0,1,00:03:07.247324
546,10000000000,1.09173209465978,0.448392317239987,3.47078105285384,0.0374872552754934,COMPLETE,,"[""complex3_12subtasks(dc1, dnc2, dnc3, nd(2, 3))""]",0,1,00:03:07.733566
547,10000000000,0.0158683018688479,1.1555189069867,12.0966176378147,0.0140816389325362,COMPLETE,,"[""complex3_12subtasks(dc1, dnc2, dnc3, nd(2, 3))""]",0,1,00:03:07.513211
548,10000000000,0.0574827482750692,0.104660323285192,13.1552072000938,0.0872633836477734,COMPLETE,,"[""complex3_12subtasks(dc1, dnc2, dnc3, nd(2, 3))""]",0,1,00:03:07.210491
549,10000000000,8.43849382098269,0.139318298402062,3.17352686249973,0.360352669398577,COMPLETE,,"[""complex3_12subtasks(dc1, dnc2, dnc3, nd(2, 3))""]",0,1,00:02:45.075651
550,10000000000,6.86335999244171,135.928522991202,14.2348447564236,3.6250871018598,COMPLETE,,"[""complex3_12subtasks(dc1, dnc2, dnc3, nd(2, 3))""]",0,1,00:03:07.079391
551,10000000000,0.114417149634564,11.5644576116765,4.47583151781526,0.161485408279741,COMPLETE,,"[""complex3_12subtasks(dc1, dnc2, dnc3, nd(2, 3))""]",0,1,00:03:07.807828
552,10000000000,0.338612241273709,117.23043759288,13.1023834660087,0.0103133464682315,COMPLETE,,"[""complex3_12subtasks(dc1, dnc2, dnc3, nd(2, 3))""]",0,1,00:03:06.803471
553,10000000000,0.0986365608742471,39.4326630101471,5.43569994813856,0.203915991724528,COMPLETE,,"[""complex3_12subtasks(dc1, dnc2, dnc3, nd(2, 3))""]",0,1,00:03:07.430013
554,10000000000,0.0116989037822298,10.1019182265083,12.8486571047381,6.92057563819045,COMPLETE,,"[""complex3_12subtasks(dc1, dnc2, dnc3, nd(2, 3))""]",0,1,00:03:06.656646
555,10000000000,0.0266157752316789,72.2332540215301,12.8736742037734,12.7171146010942,COMPLETE,,"[""complex3_12subtasks(dc1, dnc2, dnc3, nd(2, 3))""]",0,1,00:03:08.182672
556,10000000000,0.614428639162128,0.481006935173461,10.1397985417239,0.0304807895243122,COMPLETE,,"[""complex3_12subtasks(dc1, dnc2, dnc3, nd(2, 3))""]",0,1,00:03:07.235322
557,10000000000,0.0436021682312713,3.00805669447714,12.3993701579136,0.0117485316871627,COMPLETE,,"[""complex3_12subtasks(dc1, dnc2, dnc3, nd(2, 3))""]",0,1,00:03:07.630132
558,10000000000,0.905436656041931,16.6165275908312,14.8601366034803,0.0106724139028724,COMPLETE,,"[""complex3_12subtasks(dc1, dnc2, dnc3, nd(2, 3))""]",0,1,00:03:07.775223
559,10000000000,0.31267677120858,1.07127888303784,5.01921387341783,0.555845955068812,COMPLETE,,"[""complex3_12subtasks(dc1, dnc2, dnc3, nd(2, 3))""]",0,1,00:03:07.725757
560,10000000000,0.815447367824606,0.483681287849896,4.12162090808728,0.574540054214701,COMPLETE,,"[""complex3_12subtasks(dc1, dnc2, dnc3, nd(2, 3))""]",0,1,00:03:07.731245
561,10000000000,10.0453706977462,12.3358130575147,13.1083442510183,0.0108747316143394,COMPLETE,,"[""complex3_12subtasks(dc1, dnc2, dnc3, nd(2, 3))""]",0,1,00:03:06.611964
562,10000000000,0.209348534139657,0.710336741800453,1.64960796811552,6.21882222208943,COMPLETE,,"[""complex3_12subtasks(dc1, dnc2, dnc3, nd(2, 3))""]",0,1,00:03:07.417681
563,10000000000,1.05293937789702,2.7771868344829,8.62693035747656,10.0104227883547,COMPLETE,,"[""complex3_12subtasks(dc1, dnc2, dnc3, nd(2, 3))""]",0,1,00:03:07.237027
564,10000000000,0.0183931456866884,0.141255419622177,4.17670130781382,66.1395738032345,COMPLETE,,"[""complex3_12subtasks(dc1, dnc2, dnc3, nd(2, 3))""]",0,1,00:03:07.820411
565,10000000000,3.16511468236583,5.68293592651332,14.8664261245072,0.060671942175928,COMPLETE,,"[""complex3_12subtasks(dc1, dnc2, dnc3, nd(2, 3))""]",0,1,00:03:06.250865
566,10000000000,0.0935941468808735,4.05418697763453,12.1476616279478,0.0598082217040046,COMPLETE,,"[""complex3_12subtasks(dc1, dnc2, dnc3, nd(2, 3))""]",0,1,00:03:07.637899
567,10000000000,0.0597412246515521,0.623443062952449,12.2368117462553,0.291108284531071,COMPLETE,,"[""complex3_12subtasks(dc1, dnc2, dnc3, nd(2, 3))""]",0,1,00:03:06.793402
568,10000000000,0.272502806639201,29.131816879602,8.78364133379714,0.0250924769801974,COMPLETE,,"[""complex3_12subtasks(dc1, dnc2, dnc3, nd(2, 3))""]",0,1,00:03:07.641791
569,10000000000,1.56646410068114,2.03905249017746,8.48458462751917,0.103152762301302,COMPLETE,,"[""complex3_12subtasks(dc1, dnc2, dnc3, nd(2, 3))""]",0,1,00:03:07.194955
570,10000000000,0.0102707102238801,0.272843658446558,5.88042442050599,0.0613810379063379,COMPLETE,,"[""complex3_12subtasks(dc1, dnc2, dnc3, nd(2, 3))""]",0,1,00:03:07.058719
571,10000000000,0.211324587080442,117.701600930736,9.87380444713101,4.33916585121576,COMPLETE,,"[""complex3_12subtasks(dc1, dnc2, dnc3, nd(2, 3))""]",0,1,00:03:07.570730
572,10000000000,5.74611476682687,1.43067126798061,2.29695710335651,0.164226680860261,COMPLETE,,"[""complex3_12subtasks(dc1, dnc2, dnc3, nd(2, 3))""]",0,1,00:02:44.259689
573,10000000000,0.011673432383806,4.58995528586315,12.0638747030607,0.0621382158203332,COMPLETE,,"[""complex3_12subtasks(dc1, dnc2, dnc3, nd(2, 3))""]",0,1,00:03:07.673794
574,10000000000,0.581180570417261,37.4565425596162,13.7439186198644,0.0480624572847386,COMPLETE,,"[""complex3_12subtasks(dc1, dnc2, dnc3, nd(2, 3))""]",0,1,00:03:06.950225
575,10000000000,0.0678661803691115,33.7397526788171,8.33481123504291,0.0333107811003129,COMPLETE,,"[""complex3_12subtasks(dc1, dnc2, dnc3, nd(2, 3))""]",0,1,00:03:07.800196
576,10000000000,0.119227207412818,0.595615387317051,5.06469865473554,14.5483760494917,COMPLETE,,"[""complex3_12subtasks(dc1, dnc2, dnc3, nd(2, 3))""]",0,1,00:03:07.664110
577,10000000000,0.0177247897662514,45.3500853757242,2.64859265306473,6.10329544102443,COMPLETE,,"[""complex3_12subtasks(dc1, dnc2, dnc3, nd(2, 3))""]",0,1,00:03:07.824603
578,10000000000,0.24209167806889,0.749547079763756,6.16889242986238,6.67802150729642,COMPLETE,,"[""complex3_12subtasks(dc1, dnc2, dnc3, nd(2, 3))""]",0,1,00:03:06.997774
579,10000000000,0.697559890938593,0.139506658241142,3.16911948608234,47.8323949415839,COMPLETE,,"[""complex3_12subtasks(dc1, dnc2, dnc3, nd(2, 3))""]",0,1,00:03:07.604664
580,10000000000,0.476974811421114,0.766900020054249,13.6227385323619,0.0125099371376985,COMPLETE,,"[""complex3_12subtasks(dc1, dnc2, dnc3, nd(2, 3))""]",0,1,00:03:07.839798
581,10000000000,0.190450917639016,26.959299501834,8.7707265014444,9.34198495789906,COMPLETE,,"[""complex3_12subtasks(dc1, dnc2, dnc3, nd(2, 3))""]",0,1,00:03:07.372933
582,10000000000,0.908549318255557,0.118470135161136,4.14360070543565,0.0155827336192054,COMPLETE,,"[""complex3_12subtasks(dc1, dnc2, dnc3, nd(2, 3))""]",0,1,00:03:08.037414
583,10000000000,0.0103118537396411,0.243974421764025,12.8659942504916,0.0539047854543099,COMPLETE,,"[""complex3_12subtasks(dc1, dnc2, dnc3, nd(2, 3))""]",0,1,00:03:06.979851
584,10000000000,2.70786494564039,0.20017723843699,11.7978789338881,0.0693405435560732,COMPLETE,,"[""complex3_12subtasks(dc1, dnc2, dnc3, nd(2, 3))""]",0,1,00:03:07.648744
585,10000000000,0.0101688200784841,41.469317882357,10.6188413721857,5.83861545916943,COMPLETE,,"[""complex3_12subtasks(dc1, dnc2, dnc3, nd(2, 3))""]",0,1,00:03:06.782236
586,10000000000,5.64579704045879,0.109877481517713,0.314698106489113,0.116381591153568,COMPLETE,,"[""complex3_12subtasks(dc1, dnc2, dnc3, nd(2, 3))""]",0,1,00:02:25.513748
587,10000000000,11.0235493331782,13.6316523143964,14.1355355397256,0.692899726191267,COMPLETE,,"[""complex3_12subtasks(dc1, dnc2, dnc3, nd(2, 3))""]",0,1,00:03:06.763871
588,10000000000,2.39275085547036,2.26887322230372,2.74019342114731,0.0215965652587223,COMPLETE,,"[""complex3_12subtasks(dc1, dnc2, dnc3, nd(2, 3))""]",0,1,00:03:07.574615
589,10000000000,0.506218626288552,100.666289656593,11.6319703994561,31.1876662793334,COMPLETE,,"[""complex3_12subtasks(dc1, dnc2, dnc3, nd(2, 3))""]",0,1,00:03:07.023654
590,10000000000,0.0403148514380549,0.210570150838338,9.24160941357394,6.81499615546423,COMPLETE,,"[""complex3_12subtasks(dc1, dnc2, dnc3, nd(2, 3))""]",0,1,00:03:07.589500
591,10000000000,1.09009520229057,43.4007355461859,6.86551296018014,0.141746002860035,COMPLETE,,"[""complex3_12subtasks(dc1, dnc2, dnc3, nd(2, 3))""]",0,1,00:03:07.246728
592,10000000000,0.670576895559099,0.121644045323878,4.77182011599935,2.49107839656204,COMPLETE,,"[""complex3_12subtasks(dc1, dnc2, dnc3, nd(2, 3))""]",0,1,00:03:07.213274
593,10000000000,2.79575766163309,14.2458542830194,14.77142248817,65.8049261246283,COMPLETE,,"[""complex3_12subtasks(dc1, dnc2, dnc3, nd(2, 3))""]",0,1,00:03:07.614984
594,10000000000,0.22798874083915,0.154890487990297,8.08906453011967,0.0123829812099377,COMPLETE,,"[""complex3_12subtasks(dc1, dnc2, dnc3, nd(2, 3))""]",0,1,00:03:06.812514
595,10000000000,0.28742151077339,60.3235958524864,5.9639903062751,5.83516559081841,COMPLETE,,"[""complex3_12subtasks(dc1, dnc2, dnc3, nd(2, 3))""]",0,1,00:03:07.622822
596,10000000000,6.77132946914177,50.8146476300993,12.9092591023959,2.63101978496021,COMPLETE,,"[""complex3_12subtasks(dc1, dnc2, dnc3, nd(2, 3))""]",0,1,00:03:07.085989
597,10000000000,0.124706236979504,11.7492548988578,4.95735910936368,1.05162334025111,COMPLETE,,"[""complex3_12subtasks(dc1, dnc2, dnc3, nd(2, 3))""]",0,1,00:03:08.098599
598,10000000000,0.0566430002533923,96.4559614434906,13.9124929758507,0.0230409317094875,COMPLETE,,"[""complex3_12subtasks(dc1, dnc2, dnc3, nd(2, 3))""]",0,1,00:03:06.678807
599,10000000000,0.0640047111325944,120.063018688767,1.48068370391447,14.6778408691591,COMPLETE,,"[""complex3_12subtasks(dc1, dnc2, dnc3, nd(2, 3))""]",0,1,00:03:07.732219
600,10000000000,0.0491358628832034,11.8113138384931,10.5060859790861,12.7427397024856,COMPLETE,,"[""complex3_12subtasks(dc1, dnc2, dnc3, nd(2, 3))""]",0,1,00:03:07.294976
601,10000000000,0.781381783370246,2.32840070886025,12.1174153133894,67.8881145604453,COMPLETE,,"[""complex3_12subtasks(dc1, dnc2, dnc3, nd(2, 3))""]",0,1,00:03:07.201747
602,10000000000,0.0417465119579152,0.283659984797932,13.4588929525321,0.0349965611854076,COMPLETE,,"[""complex3_12subtasks(dc1, dnc2, dnc3, nd(2, 3))""]",0,1,00:03:07.992909
603,10000000000,11.9925714134736,0.419710937194621,1.97699912929525,0.0163446834266334,COMPLETE,,"[""complex3_12subtasks(dc1, dnc2, dnc3, nd(2, 3))""]",0,1,00:02:06.570222
604,10000000000,0.139099078125559,0.495872374043714,7.27062862230899,43.9487971153801,COMPLETE,,"[""complex3_12subtasks(dc1, dnc2, dnc3, nd(2, 3))""]",0,1,00:03:07.654924
605,10000000000,0.0699714696076906,9.50476284154173,14.6956700787824,0.0274230527885301,COMPLETE,,"[""complex3_12subtasks(dc1, dnc2, dnc3, nd(2, 3))""]",0,1,00:03:07.253277
606,10000000000,0.0228689766860853,2.41152685774552,14.5816516032588,0.0179155865542329,COMPLETE,,"[""complex3_12subtasks(dc1, dnc2, dnc3, nd(2, 3))""]",0,1,00:03:07.661604
607,10000000000,0.0913587103096342,0.158410205129312,5.24739003112349,0.0499526753044809,COMPLETE,,"[""complex3_12subtasks(dc1, dnc2, dnc3, nd(2, 3))""]",0,1,00:03:06.765492
608,10000000000,0.781386494115795,80.081891928094,11.1128084341746,0.810280868420028,COMPLETE,,"[""complex3_12subtasks(dc1, dnc2, dnc3, nd(2, 3))""]",0,1,00:03:07.831361
609,10000000000,0.164659467046645,27.6531657754254,10.583010728327,0.108954576155362,COMPLETE,,"[""complex3_12subtasks(dc1, dnc2, dnc3, nd(2, 3))""]",0,1,00:03:06.420609
610,10000000000,0.0107318835847051,134.550504440241,13.3163923788324,22.8793666831979,COMPLETE,,"[""complex3_12subtasks(dc1, dnc2, dnc3, nd(2, 3))""]",0,1,00:03:07.676807
611,10000000000,1.46864285076653,0.273718142447416,3.52491578667705,0.35425094427473,COMPLETE,,"[""complex3_12subtasks(dc1, dnc2, dnc3, nd(2, 3))""]",0,1,00:03:06.973807
612,10000000000,0.333140515648569,0.656101281470662,13.0383944380605,10.570288445225,COMPLETE,,"[""complex3_12subtasks(dc1, dnc2, dnc3, nd(2, 3))""]",0,1,00:03:07.786426
613,10000000000,6.20615697689978,0.465950203532265,4.8376609270968,0.73117446062308,COMPLETE,,"[""complex3_12subtasks(dc1, dnc2, dnc3, nd(2, 3))""]",0,1,00:03:07.428286
614,10000000000,6.0666728836312,0.560931315832596,2.26491844934382,0.0934273193869406,COMPLETE,,"[""complex3_12subtasks(dc1, dnc2, dnc3, nd(2, 3))""]",0,1,00:02:45.083373
615,10000000000,3.3550027128201,12.8469428008457,11.383015254986,0.0339822477567869,COMPLETE,,"[""complex3_12subtasks(dc1, dnc2, dnc3, nd(2, 3))""]",0,1,00:03:07.548562
616,10000000000,0.243630631241469,145.445032465556,6.68055394647864,8.64130902050668,COMPLETE,,"[""complex3_12subtasks(dc1, dnc2, dnc3, nd(2, 3))""]",0,1,00:03:06.997621
617,10000000000,0.0272829410288432,44.4481798962138,10.7592668883392,20.8334954998026,COMPLETE,,"[""complex3_12subtasks(dc1, dnc2, dnc3, nd(2, 3))""]",0,1,00:03:07.634714
618,10000000000,1.12010611238136,0.906230639354543,10.5236751558276,0.0108789692274825,COMPLETE,,"[""complex3_12subtasks(dc1, dnc2, dnc3, nd(2, 3))""]",0,1,00:03:06.788862
619,10000000000,1.10482918780594,0.213665340677717,10.8660362130071,54.5055802488993,COMPLETE,,"[""complex3_12subtasks(dc1, dnc2, dnc3, nd(2, 3))""]",0,1,00:03:07.936714
620,10000000000,13.4130461589091,7.0287914746643,10.952336212822,5.14893470562048,COMPLETE,,"[""complex3_12subtasks(dc1, dnc2, dnc3, nd(2, 3))""]",0,1,00:03:06.932085
621,10000000000,0.279032630433542,11.108693403904,12.1560995253374,0.0135251496791871,COMPLETE,,"[""complex3_12subtasks(dc1, dnc2, dnc3, nd(2, 3))""]",0,1,00:03:08.003318
622,10000000000,0.0286750047172961,113.280645390856,4.14803832351064,2.84562388988856,COMPLETE,,"[""complex3_12subtasks(dc1, dnc2, dnc3, nd(2, 3))""]",0,1,00:03:06.779461
623,10000000000,0.284082810325604,2.32003542024037,7.53771513264967,59.7830376008684,COMPLETE,,"[""complex3_12subtasks(dc1, dnc2, dnc3, nd(2, 3))""]",0,1,00:03:07.816414
624,10000000000,9.68085066026911,4.17575057613015,13.1915318069919,0.0914786162099632,COMPLETE,,"[""complex3_12subtasks(dc1, dnc2, dnc3, nd(2, 3))""]",0,1,00:03:07.222880
625,10000000000,0.0591684328907394,148.021830269429,9.300641836123,18.7240898219555,COMPLETE,,"[""complex3_12subtasks(dc1, dnc2, dnc3, nd(2, 3))""]",0,1,00:03:07.211366
626,10000000000,0.0115434626642722,0.117009663301261,6.06949488805456,0.0167729149658166,COMPLETE,,"[""complex3_12subtasks(dc1, dnc2, dnc3, nd(2, 3))""]",0,1,00:03:07.440645
627,10000000000,0.0560979801846781,0.811459239778548,1.64270673138477,56.2515465248543,COMPLETE,,"[""complex3_12subtasks(dc1, dnc2, dnc3, nd(2, 3))""]",0,1,00:03:06.783111
628,10000000000,0.152062457063598,2.88218413619087,6.79629640691662,0.253299916363384,COMPLETE,,"[""complex3_12subtasks(dc1, dnc2, dnc3, nd(2, 3))""]",0,1,00:03:07.776362
629,10000000000,2.02129599947138,0.185336903636359,1.73590248599794,0.0645269282547495,COMPLETE,,"[""complex3_12subtasks(dc1, dnc2, dnc3, nd(2, 3))""]",0,1,00:03:06.835092
630,10000000000,1.58463677137692,0.408378461187584,1.33587114110578,0.640850607107637,COMPLETE,,"[""complex3_12subtasks(dc1, dnc2, dnc3, nd(2, 3))""]",0,1,00:03:07.432237
631,10000000000,0.159190065911401,43.3910365060675,11.5226102358577,0.0282684592287797,COMPLETE,,"[""complex3_12subtasks(dc1, dnc2, dnc3, nd(2, 3))""]",0,1,00:03:06.816711
632,10000000000,0.149243412389,0.164069180676676,4.35604768353312,14.5096796055192,COMPLETE,,"[""complex3_12subtasks(dc1, dnc2, dnc3, nd(2, 3))""]",0,1,00:03:08.213681
633,10000000000,0.0219895014592505,142.07821913483,0.172578107986633,8.37390380207235,COMPLETE,,"[""complex3_12subtasks(dc1, dnc2, dnc3, nd(2, 3))""]",0,1,00:03:06.662273
634,10000000000,0.0177707965492551,9.69808247741718,8.68168748434644,0.139065646601957,COMPLETE,,"[""complex3_12subtasks(dc1, dnc2, dnc3, nd(2, 3))""]",0,1,00:03:07.550280
635,10000000000,3.09027840541173,0.432134766402158,13.9085031270651,0.0244565425949792,COMPLETE,,"[""complex3_12subtasks(dc1, dnc2, dnc3, nd(2, 3))""]",0,1,00:03:07.878018
636,10000000000,0.0310478998662182,1.90568487310525,0.999285178925181,1.07079267694213,COMPLETE,,"[""complex3_12subtasks(dc1, dnc2, dnc3, nd(2, 3))""]",0,1,00:03:07.378730
637,10000000000,0.172127417344772,148.109346213735,13.6431035475543,0.10759139927487,COMPLETE,,"[""complex3_12subtasks(dc1, dnc2, dnc3, nd(2, 3))""]",0,1,00:03:07.610835
638,10000000000,3.63108615024603,47.5505014494721,13.1107232093991,0.0808440007890864,COMPLETE,,"[""complex3_12subtasks(dc1, dnc2, dnc3, nd(2, 3))""]",0,1,00:03:06.571807
639,10000000000,0.775191014627978,0.192035960005988,6.85806721696777,0.132864579153107,COMPLETE,,"[""complex3_12subtasks(dc1, dnc2, dnc3, nd(2, 3))""]",0,1,00:03:07.675274
640,10000000000,14.1646131870788,40.836462221085,7.04063012903762,0.0171584610926875,COMPLETE,,"[""complex3_12subtasks(dc1, dnc2, dnc3, nd(2, 3))""]",0,1,00:03:06.936434
641,10000000000,1.48891563964389,0.309228474970407,7.12845937750446,0.0257130194569562,COMPLETE,,"[""complex3_12subtasks(dc1, dnc2, dnc3, nd(2, 3))""]",0,1,00:03:07.825005
642,10000000000,0.0382225491172248,48.7507930752736,10.4877350125088,67.2378260187112,COMPLETE,,"[""complex3_12subtasks(dc1, dnc2, dnc3, nd(2, 3))""]",0,1,00:03:07.299045
643,10000000000,0.0731398173264935,0.183309138033281,10.4878266391283,0.0116531000662581,COMPLETE,,"[""complex3_12subtasks(dc1, dnc2, dnc3, nd(2, 3))""]",0,1,00:03:07.955163
644,10000000000,0.0269612691150427,2.18544637953955,7.56929037913909,0.0358384102506085,COMPLETE,,"[""complex3_12subtasks(dc1, dnc2, dnc3, nd(2, 3))""]",0,1,00:03:07.812364
645,10000000000,2.87059866399571,0.106407663984923,10.2359099683455,0.0217590417894537,COMPLETE,,"[""complex3_12subtasks(dc1, dnc2, dnc3, nd(2, 3))""]",0,1,00:03:07.662922
646,10000000000,0.0103538813163167,43.7009216911168,13.1818647923605,1.47823014363874,COMPLETE,,"[""complex3_12subtasks(dc1, dnc2, dnc3, nd(2, 3))""]",0,1,00:03:07.731548
647,10000000000,0.0368599226244915,45.7788521147899,6.44726063410949,9.94197779930003,COMPLETE,,"[""complex3_12subtasks(dc1, dnc2, dnc3, nd(2, 3))""]",0,1,00:03:07.285885
648,10000000000,0.448963076514394,34.0799869774856,9.69559305107924,2.31125951930155,COMPLETE,,"[""complex3_12subtasks(dc1, dnc2, dnc3, nd(2, 3))""]",0,1,00:03:08.025069
649,10000000000,0.106357202861251,13.848745693442,6.8165648678626,0.28109114515636,COMPLETE,,"[""complex3_12subtasks(dc1, dnc2, dnc3, nd(2, 3))""]",0,1,00:03:06.423214
650,10000000000,4.72336100301959,124.913304273578,12.8877315983777,0.492481384689744,COMPLETE,,"[""complex3_12subtasks(dc1, dnc2, dnc3, nd(2, 3))""]",0,1,00:03:07.813469
651,10000000000,0.129747574130963,0.422756859431309,11.0813573152908,35.8000732427445,COMPLETE,,"[""complex3_12subtasks(dc1, dnc2, dnc3, nd(2, 3))""]",0,1,00:03:06.808160
652,10000000000,0.891149329209513,0.103134520185804,7.76605875170211,6.30619813409681,COMPLETE,,"[""complex3_12subtasks(dc1, dnc2, dnc3, nd(2, 3))""]",0,1,00:03:07.747123
653,10000000000,0.0146347109771,64.8596277293331,5.2865375144246,26.5365137426582,COMPLETE,,"[""complex3_12subtasks(dc1, dnc2, dnc3, nd(2, 3))""]",0,1,00:03:07.269799
654,10000000000,0.0273186962006095,30.6705249597469,9.35628071267004,0.206709223306933,COMPLETE,,"[""complex3_12subtasks(dc1, dnc2, dnc3, nd(2, 3))""]",0,1,00:03:07.315664
655,10000000000,0.0314014749267961,12.7120528372818,11.0665950465845,1.3207436105052,COMPLETE,,"[""complex3_12subtasks(dc1, dnc2, dnc3, nd(2, 3))""]",0,1,00:03:07.999923
656,10000000000,0.0108767857611538,45.9759394058358,12.0571747342967,11.6282323928924,COMPLETE,,"[""complex3_12subtasks(dc1, dnc2, dnc3, nd(2, 3))""]",0,1,00:03:07.114359
657,10000000000,0.246228700280943,0.248446663344097,12.3504063124552,0.0437178145510994,COMPLETE,,"[""complex3_12subtasks(dc1, dnc2, dnc3, nd(2, 3))""]",0,1,00:03:07.687509
658,10000000000,0.0481680623252368,1.66294356297732,3.79114224201544,2.63297517540604,COMPLETE,,"[""complex3_12subtasks(dc1, dnc2, dnc3, nd(2, 3))""]",0,1,00:03:07.165360
659,10000000000,0.0405844371410198,0.311525788235534,13.5142360958916,0.337297824328281,COMPLETE,,"[""complex3_12subtasks(dc1, dnc2, dnc3, nd(2, 3))""]",0,1,00:03:08.014702
660,10000000000,0.083400301050267,0.149716506527004,6.96089266716301,0.757062755393738,COMPLETE,,"[""complex3_12subtasks(dc1, dnc2, dnc3, nd(2, 3))""]",0,1,00:03:06.830742
661,10000000000,8.13876249025764,51.3801188396413,11.9828854123631,0.0243167635191592,COMPLETE,,"[""complex3_12subtasks(dc1, dnc2, dnc3, nd(2, 3))""]",0,1,00:03:07.800118
662,10000000000,0.0710873384999806,122.688833716624,11.6527525521819,0.0131688764794021,COMPLETE,,"[""complex3_12subtasks(dc1, dnc2, dnc3, nd(2, 3))""]",0,1,00:03:07.193446
663,10000000000,0.0443999856555134,3.99285024739122,4.22911644243924,0.172106324805413,COMPLETE,,"[""complex3_12subtasks(dc1, dnc2, dnc3, nd(2, 3))""]",0,1,00:03:07.574811
664,10000000000,0.0763436380569219,11.3381452100326,4.45541307645718,20.9070643173978,COMPLETE,,"[""complex3_12subtasks(dc1, dnc2, dnc3, nd(2, 3))""]",0,1,00:03:07.412062
665,10000000000,1.39540656637661,12.3564735378329,8.58553171410333,4.65849997390184,COMPLETE,,"[""complex3_12subtasks(dc1, dnc2, dnc3, nd(2, 3))""]",0,1,00:03:07.818095
666,10000000000,1.62688080833912,0.768018699797843,5.14075017175657,0.0697282459485203,COMPLETE,,"[""complex3_12subtasks(dc1, dnc2, dnc3, nd(2, 3))""]",0,1,00:03:08.052881
667,10000000000,2.75915742956785,0.281194864381237,4.13039272168399,0.027515094933242,COMPLETE,,"[""complex3_12subtasks(dc1, dnc2, dnc3, nd(2, 3))""]",0,1,00:03:06.832805
668,10000000000,0.408662541931154,35.5724173546251,8.80115515848553,0.191343375093231,COMPLETE,,"[""complex3_12subtasks(dc1, dnc2, dnc3, nd(2, 3))""]",0,1,00:03:07.842425
669,10000000000,0.302266032231252,0.798456782909605,4.20868674146732,0.0259888766155408,COMPLETE,,"[""complex3_12subtasks(dc1, dnc2, dnc3, nd(2, 3))""]",0,1,00:03:06.978061
670,10000000000,0.0325915897237225,0.753869842679666,8.29226340589917,0.0114113469016636,COMPLETE,,"[""complex3_12subtasks(dc1, dnc2, dnc3, nd(2, 3))""]",0,1,00:03:07.812225
671,10000000000,0.0164837280687138,145.472208347598,2.87080344775495,13.2055312084725,COMPLETE,,"[""complex3_12subtasks(dc1, dnc2, dnc3, nd(2, 3))""]",0,1,00:03:07.038779
672,10000000000,0.0169936709849415,17.1043573138044,1.57500928578508,1.23446655863194,COMPLETE,,"[""complex3_12subtasks(dc1, dnc2, dnc3, nd(2, 3))""]",0,1,00:03:07.066910
673,10000000000,0.783761445685808,7.72161011830861,5.07241065268065,3.75583264084198,COMPLETE,,"[""complex3_12subtasks(dc1, dnc2, dnc3, nd(2, 3))""]",0,1,00:03:07.748494
674,10000000000,1.67483458882681,6.73497002566827,10.2710181642829,0.0115479156098371,COMPLETE,,"[""complex3_12subtasks(dc1, dnc2, dnc3, nd(2, 3))""]",0,1,00:03:07.418645
675,10000000000,0.020031976472993,0.220328232075217,12.5992763508517,0.014233776218436,COMPLETE,,"[""complex3_12subtasks(dc1, dnc2, dnc3, nd(2, 3))""]",0,1,00:03:07.898626
676,10000000000,0.0472128727733419,0.581396871314762,2.62778485791714,0.0615936204559063,COMPLETE,,"[""complex3_12subtasks(dc1, dnc2, dnc3, nd(2, 3))""]",0,1,00:03:06.752858
677,10000000000,0.999342719316576,65.9507861966713,14.9175512877544,0.0270853100387308,COMPLETE,,"[""complex3_12subtasks(dc1, dnc2, dnc3, nd(2, 3))""]",0,1,00:03:07.618274
678,10000000000,0.427690942519958,25.2670658172945,6.14036877269406,0.0383979496623635,COMPLETE,,"[""complex3_12subtasks(dc1, dnc2, dnc3, nd(2, 3))""]",0,1,00:03:07.188692
679,10000000000,0.054753689498417,7.95604360097235,12.5326140585799,0.0187196548667148,COMPLETE,,"[""complex3_12subtasks(dc1, dnc2, dnc3, nd(2, 3))""]",0,1,00:03:07.859132
680,10000000000,0.0298296290474846,0.125350823543378,12.0225494803172,0.239271797464944,COMPLETE,,"[""complex3_12subtasks(dc1, dnc2, dnc3, nd(2, 3))""]",0,1,00:03:07.023136
681,10000000000,6.28026311469049,35.3235847589655,14.8527824987352,2.35576816911192,COMPLETE,,"[""complex3_12subtasks(dc1, dnc2, dnc3, nd(2, 3))""]",0,1,00:03:07.854053
682,10000000000,1.71269611476482,0.109819101449478,1.42314043680218,0.623836093461004,COMPLETE,,"[""complex3_12subtasks(dc1, dnc2, dnc3, nd(2, 3))""]",0,1,00:03:06.986713
683,10000000000,0.0739756167956355,4.39831574299785,14.6843389029778,0.24929411059075,COMPLETE,,"[""complex3_12subtasks(dc1, dnc2, dnc3, nd(2, 3))""]",0,1,00:03:07.808354
684,10000000000,0.0510347986582557,136.782989276994,12.6872472149573,39.0508809850167,COMPLETE,,"[""complex3_12subtasks(dc1, dnc2, dnc3, nd(2, 3))""]",0,1,00:03:07.470251
685,10000000000,0.558241524972975,1.21280965062419,4.20665373488045,12.009234755368,COMPLETE,,"[""complex3_12subtasks(dc1, dnc2, dnc3, nd(2, 3))""]",0,1,00:03:07.190389
686,10000000000,0.0634716359785991,0.206712246793753,5.67777555364763,3.59644521072283,COMPLETE,,"[""complex3_12subtasks(dc1, dnc2, dnc3, nd(2, 3))""]",0,1,00:03:07.970867
687,10000000000,0.949640999126864,0.678225204398707,10.091983731812,30.9661767395244,COMPLETE,,"[""complex3_12subtasks(dc1, dnc2, dnc3, nd(2, 3))""]",0,1,00:03:07.076267
688,10000000000,5.87732894685656,5.86561101630792,13.7697039097923,0.0122226323454806,COMPLETE,,"[""complex3_12subtasks(dc1, dnc2, dnc3, nd(2, 3))""]",0,1,00:03:07.841813
689,10000000000,0.109630219008,35.4181007871145,11.9224696815924,5.58629167585819,COMPLETE,,"[""complex3_12subtasks(dc1, dnc2, dnc3, nd(2, 3))""]",0,1,00:03:06.759558
690,10000000000,0.031430001425125,0.793764719160668,6.23400813360673,11.5441865215089,COMPLETE,,"[""complex3_12subtasks(dc1, dnc2, dnc3, nd(2, 3))""]",0,1,00:03:07.803056
691,10000000000,0.44111020470879,46.1380566269432,10.0568946042847,12.861066275215,COMPLETE,,"[""complex3_12subtasks(dc1, dnc2, dnc3, nd(2, 3))""]",0,1,00:03:07.279769
692,10000000000,0.031405855459015,122.296497438427,7.41930539427243,0.512219878809731,COMPLETE,,"[""complex3_12subtasks(dc1, dnc2, dnc3, nd(2, 3))""]",0,1,00:03:07.185920
693,10000000000,0.0134154893823025,0.384551831298545,3.88197760605273,0.0205490130773188,COMPLETE,,"[""complex3_12subtasks(dc1, dnc2, dnc3, nd(2, 3))""]",0,1,00:03:07.652199
694,10000000000,0.37751324631721,0.418177365174947,3.98739552552586,4.55690859643334,COMPLETE,,"[""complex3_12subtasks(dc1, dnc2, dnc3, nd(2, 3))""]",0,1,00:03:07.550947
695,10000000000,0.155711730732174,8.46309896526227,9.39273584436588,0.0684668538247107,COMPLETE,,"[""complex3_12subtasks(dc1, dnc2, dnc3, nd(2, 3))""]",0,1,00:03:07.859389
696,10000000000,0.0175000951198924,96.287233165449,10.6610473622627,24.6405407536143,COMPLETE,,"[""complex3_12subtasks(dc1, dnc2, dnc3, nd(2, 3))""]",0,1,00:03:06.658866
697,10000000000,0.0736437507971602,0.513945674783562,14.9889002959787,0.0336979875616653,COMPLETE,,"[""complex3_12subtasks(dc1, dnc2, dnc3, nd(2, 3))""]",0,1,00:03:07.591820
698,10000000000,14.7169413579527,48.0419430306066,13.7391667930396,5.26147868743122,COMPLETE,,"[""complex3_12subtasks(dc1, dnc2, dnc3, nd(2, 3))""]",0,1,00:03:06.378111
699,10000000000,0.335056699345001,114.512135506744,7.67623039439773,2.72940406969482,COMPLETE,,"[""complex3_12subtasks(dc1, dnc2, dnc3, nd(2, 3))""]",0,1,00:03:07.802226
700,10000000000,11.56450559224,0.248320747804904,13.5346715685291,11.3580861256129,COMPLETE,,"[""complex3_12subtasks(dc1, dnc2, dnc3, nd(2, 3))""]",0,1,00:03:07.286550
701,10000000000,0.011380229678996,84.0607091578989,10.5551916494167,1.38463012323183,COMPLETE,,"[""complex3_12subtasks(dc1, dnc2, dnc3, nd(2, 3))""]",0,1,00:03:07.318642
702,10000000000,0.182878295654241,67.5127109066134,7.9927625994351,0.0771081252146022,COMPLETE,,"[""complex3_12subtasks(dc1, dnc2, dnc3, nd(2, 3))""]",0,1,00:03:07.340749
703,10000000000,5.05766870348942,114.161101063596,10.3799398091083,2.2386583799933,COMPLETE,,"[""complex3_12subtasks(dc1, dnc2, dnc3, nd(2, 3))""]",0,1,00:03:07.184769
704,10000000000,5.38874308357559,142.989781412471,3.97313382882499,38.7663222693739,COMPLETE,,"[""complex3_12subtasks(dc1, dnc2, dnc3, nd(2, 3))""]",0,1,00:03:07.358820
705,10000000000,0.302896196556217,0.213015820815581,6.00099239373643,0.241727924002536,COMPLETE,,"[""complex3_12subtasks(dc1, dnc2, dnc3, nd(2, 3))""]",0,1,00:03:06.992586
706,10000000000,0.0816724000234965,2.04956079595744,2.42243597330622,0.510694144521105,COMPLETE,,"[""complex3_12subtasks(dc1, dnc2, dnc3, nd(2, 3))""]",0,1,00:03:08.019039
707,10000000000,0.0103737584968401,0.66808652332073,6.03649585064866,0.0164856689424051,COMPLETE,,"[""complex3_12subtasks(dc1, dnc2, dnc3, nd(2, 3))""]",0,1,00:03:07.207540
708,10000000000,0.503593045179788,0.177897418061132,11.583450865187,0.0188597271357376,COMPLETE,,"[""complex3_12subtasks(dc1, dnc2, dnc3, nd(2, 3))""]",0,1,00:03:07.589578
709,10000000000,0.0699930490704553,29.0611478000514,5.80826622837053,0.0232812052104954,COMPLETE,,"[""complex3_12subtasks(dc1, dnc2, dnc3, nd(2, 3))""]",0,1,00:03:07.234250
710,10000000000,0.0753193355131205,1.59594148875629,11.8776532491559,0.05316105783303,COMPLETE,,"[""complex3_12subtasks(dc1, dnc2, dnc3, nd(2, 3))""]",0,1,00:03:07.636619
711,10000000000,1.0436278907017,1.37252380191177,0.743232210229967,0.0410161331083255,COMPLETE,,"[""complex3_12subtasks(dc1, dnc2, dnc3, nd(2, 3))""]",0,1,00:03:07.164944
712,10000000000,0.226480249007176,0.144329103532475,8.37397005542801,5.34192462805608,COMPLETE,,"[""complex3_12subtasks(dc1, dnc2, dnc3, nd(2, 3))""]",0,1,00:03:07.503292
713,10000000000,0.0442609212027714,8.7077119358467,9.24191996992946,0.0225018921449765,COMPLETE,,"[""complex3_12subtasks(dc1, dnc2, dnc3, nd(2, 3))""]",0,1,00:03:07.722845
714,10000000000,0.961023405884804,0.323595622990619,3.26386145671707,2.16281491153945,COMPLETE,,"[""complex3_12subtasks(dc1, dnc2, dnc3, nd(2, 3))""]",0,1,00:03:06.832242
715,10000000000,0.176380127546921,57.4396156954953,9.14026097979328,5.51396277719054,COMPLETE,,"[""complex3_12subtasks(dc1, dnc2, dnc3, nd(2, 3))""]",0,1,00:03:08.229929
716,10000000000,0.29674679787298,0.114576302475014,3.21209194901965,1.01732473857055,COMPLETE,,"[""complex3_12subtasks(dc1, dnc2, dnc3, nd(2, 3))""]",0,1,00:03:07.006472
717,10000000000,0.570614123995139,0.170512734701291,14.4513147384089,0.0872616970667602,COMPLETE,,"[""complex3_12subtasks(dc1, dnc2, dnc3, nd(2, 3))""]",0,1,00:03:07.845692
718,10000000000,9.98956598799856,17.5104907572564,14.5290273432419,0.0693688066001298,COMPLETE,,"[""complex3_12subtasks(dc1, dnc2, dnc3, nd(2, 3))""]",0,1,00:03:06.978426
719,10000000000,0.663746266299264,15.9995521711657,14.20791870663,0.0322094452349709,COMPLETE,,"[""complex3_12subtasks(dc1, dnc2, dnc3, nd(2, 3))""]",0,1,00:03:07.668601
720,10000000000,0.0127690381213499,1.25770669375149,13.8350570707686,0.0254985793684901,COMPLETE,,"[""complex3_12subtasks(dc1, dnc2, dnc3, nd(2, 3))""]",0,1,00:03:06.800047
721,10000000000,0.55741457403165,0.196317012984679,14.2207657235777,31.5011980040008,COMPLETE,,"[""complex3_12subtasks(dc1, dnc2, dnc3, nd(2, 3))""]",0,1,00:03:07.607167
722,10000000000,0.0395919981759627,0.966761074022593,4.7897802407048,0.0106149927239207,COMPLETE,,"[""complex3_12subtasks(dc1, dnc2, dnc3, nd(2, 3))""]",0,1,00:03:07.445279
723,10000000000,5.44921195702304,45.5139271179565,6.00214841482454,0.861604541698837,COMPLETE,,"[""complex3_12subtasks(dc1, dnc2, dnc3, nd(2, 3))""]",0,1,00:03:07.036969
724,10000000000,2.90124635106809,0.118287140008353,3.17597584166613,3.34877305083209,COMPLETE,,"[""complex3_12subtasks(dc1, dnc2, dnc3, nd(2, 3))""]",0,1,00:03:07.897011
725,10000000000,0.141297092273079,0.310379072694399,7.23939608645507,9.50342071041395,COMPLETE,,"[""complex3_12subtasks(dc1, dnc2, dnc3, nd(2, 3))""]",0,1,00:03:06.782833
726,10000000000,0.399478894442178,0.747485267605535,13.0018278394395,53.7084149927611,COMPLETE,,"[""complex3_12subtasks(dc1, dnc2, dnc3, nd(2, 3))""]",0,1,00:03:07.973334
727,10000000000,2.42495630201787,0.552461565943416,1.93351831934258,0.163284963550621,COMPLETE,,"[""complex3_12subtasks(dc1, dnc2, dnc3, nd(2, 3))""]",0,1,00:03:06.435874
728,10000000000,2.72316206540441,0.891437190628747,7.9403271210816,59.656400241837,COMPLETE,,"[""complex3_12subtasks(dc1, dnc2, dnc3, nd(2, 3))""]",0,1,00:03:08.085104
729,10000000000,0.440604098274147,148.04017029909,14.2482417992822,0.0590192190442528,COMPLETE,,"[""complex3_12subtasks(dc1, dnc2, dnc3, nd(2, 3))""]",0,1,00:03:07.493194
730,10000000000,0.286452103113151,52.0233205636854,14.7535865833341,0.0139307211853692,COMPLETE,,"[""complex3_12subtasks(dc1, dnc2, dnc3, nd(2, 3))""]",0,1,00:03:07.662987
731,10000000000,0.0189952539931584,0.102874959299751,13.8558218556444,0.309129917875974,COMPLETE,,"[""complex3_12subtasks(dc1, dnc2, dnc3, nd(2, 3))""]",0,1,00:03:07.623714
732,10000000000,0.0134955782746333,46.9483164336415,14.3170516805484,64.0837771591079,COMPLETE,,"[""complex3_12subtasks(dc1, dnc2, dnc3, nd(2, 3))""]",0,1,00:03:06.859504
733,10000000000,0.075675726340799,39.3787487137398,0.00679813284274688,1.9628741415716,COMPLETE,,"[""complex3_12subtasks(dc1, dnc2, dnc3, nd(2, 3))""]",0,1,00:03:06.763717
734,10000000000,0.503758707342253,0.332018627152683,2.17179945377088,0.104785243638167,COMPLETE,,"[""complex3_12subtasks(dc1, dnc2, dnc3, nd(2, 3))""]",0,1,00:03:06.635832
735,10000000000,9.84061403589112,0.276524476031115,2.79196041527419,0.206226359732791,COMPLETE,,"[""complex3_12subtasks(dc1, dnc2, dnc3, nd(2, 3))""]",0,1,00:02:16.767784
736,10000000000,0.6534625672766,13.8767053866396,6.82969078511009,0.299813512225188,COMPLETE,,"[""complex3_12subtasks(dc1, dnc2, dnc3, nd(2, 3))""]",0,1,00:03:07.296129
737,10000000000,0.261438056595554,0.171309404857028,9.88388466816477,0.538228559726156,COMPLETE,,"[""complex3_12subtasks(dc1, dnc2, dnc3, nd(2, 3))""]",0,1,00:03:08.026298
738,10000000000,0.603278564752173,4.80933619428231,4.60632251938403,0.22104731802516,COMPLETE,,"[""complex3_12subtasks(dc1, dnc2, dnc3, nd(2, 3))""]",0,1,00:03:07.379872
739,10000000000,0.0174564980202412,8.99722306756505,8.52893431092098,5.64398269049746,COMPLETE,,"[""complex3_12subtasks(dc1, dnc2, dnc3, nd(2, 3))""]",0,1,00:03:08.033563
740,10000000000,0.0338015782288135,0.764003720738626,13.7919111496582,2.02930809853296,COMPLETE,,"[""complex3_12subtasks(dc1, dnc2, dnc3, nd(2, 3))""]",0,1,00:03:06.971168
741,10000000000,10.3716535144656,25.1909276473119,10.6377323320279,0.1120890183307,COMPLETE,,"[""complex3_12subtasks(dc1, dnc2, dnc3, nd(2, 3))""]",0,1,00:03:07.175228
742,10000000000,0.01856566318649,0.357101394503269,7.8043092686526,1.83776132814242,COMPLETE,,"[""complex3_12subtasks(dc1, dnc2, dnc3, nd(2, 3))""]",0,1,00:03:07.525124
743,10000000000,0.0441427880753656,74.3458813647116,3.90937986321253,43.4651071949387,COMPLETE,,"[""complex3_12subtasks(dc1, dnc2, dnc3, nd(2, 3))""]",0,1,00:03:07.316653
744,10000000000,0.049001759525973,15.6392928309918,3.24276206059769,0.851367163582854,COMPLETE,,"[""complex3_12subtasks(dc1, dnc2, dnc3, nd(2, 3))""]",0,1,00:03:07.871514
745,10000000000,0.0137621377522994,8.33631488723942,14.8474989769429,0.0328845022177265,COMPLETE,,"[""complex3_12subtasks(dc1, dnc2, dnc3, nd(2, 3))""]",0,1,00:03:06.986932
746,10000000000,0.013648823104347,113.577910458171,10.2810766967413,40.6176573550255,COMPLETE,,"[""complex3_12subtasks(dc1, dnc2, dnc3, nd(2, 3))""]",0,1,00:03:07.847769
747,10000000000,0.0128750637681113,135.755712001834,2.97580978784583,5.64430408452706,COMPLETE,,"[""complex3_12subtasks(dc1, dnc2, dnc3, nd(2, 3))""]",0,1,00:03:06.728487
748,10000000000,0.0671459400386592,0.39585768468446,13.6779927768606,0.0107438315472578,COMPLETE,,"[""complex3_12subtasks(dc1, dnc2, dnc3, nd(2, 3))""]",0,1,00:03:08.121525
749,10000000000,0.212639879826062,2.19287981660751,13.469344641572,0.0188598373807898,COMPLETE,,"[""complex3_12subtasks(dc1, dnc2, dnc3, nd(2, 3))""]",0,1,00:03:07.232534
750,10000000000,0.0105538611010811,24.9247083108828,11.5819101954586,17.5221729670521,COMPLETE,,"[""complex3_12subtasks(dc1, dnc2, dnc3, nd(2, 3))""]",0,1,00:03:07.841293
751,10000000000,0.0217142424952816,0.120714314999611,12.3103101909262,0.050006004659415,COMPLETE,,"[""complex3_12subtasks(dc1, dnc2, dnc3, nd(2, 3))""]",0,1,00:03:06.818174
752,10000000000,0.0565996944481897,3.14536802101052,13.1450335477668,0.0520898224072788,COMPLETE,,"[""complex3_12subtasks(dc1, dnc2, dnc3, nd(2, 3))""]",0,1,00:03:07.364325
753,10000000000,1.63583360307166,0.107170234453155,2.83500959417441,0.102467156912649,COMPLETE,,"[""complex3_12subtasks(dc1, dnc2, dnc3, nd(2, 3))""]",0,1,00:03:07.633921
754,10000000000,0.0343131588928243,1.03249309553971,11.4553006612501,0.0138119701493031,COMPLETE,,"[""complex3_12subtasks(dc1, dnc2, dnc3, nd(2, 3))""]",0,1,00:03:07.359413
755,10000000000,0.0146414020380856,5.20553718296507,10.4200651610094,0.0174501332735449,COMPLETE,,"[""complex3_12subtasks(dc1, dnc2, dnc3, nd(2, 3))""]",0,1,00:03:07.706113
756,10000000000,0.102756126366268,145.618959999737,11.1496748686513,5.13705113425021,COMPLETE,,"[""complex3_12subtasks(dc1, dnc2, dnc3, nd(2, 3))""]",0,1,00:03:06.600520
757,10000000000,0.109588939915088,0.108391447527496,14.167620746386,1.77562124233484,COMPLETE,,"[""complex3_12subtasks(dc1, dnc2, dnc3, nd(2, 3))""]",0,1,00:03:08.171472
758,10000000000,1.04774073654801,7.01026140461692,12.424536946971,0.0125467846690112,COMPLETE,,"[""complex3_12subtasks(dc1, dnc2, dnc3, nd(2, 3))""]",0,1,00:03:06.889369
759,10000000000,3.29968864712709,0.196510273246227,7.04885304521055,0.283199558178913,COMPLETE,,"[""complex3_12subtasks(dc1, dnc2, dnc3, nd(2, 3))""]",0,1,00:03:07.795965
760,10000000000,2.98751463225357,0.592080349924461,10.1324750408737,0.057750298041286,COMPLETE,,"[""complex3_12subtasks(dc1, dnc2, dnc3, nd(2, 3))""]",0,1,00:03:07.326447
761,10000000000,0.16738616057225,0.236368296505651,6.02791454301416,3.21509666147556,COMPLETE,,"[""complex3_12subtasks(dc1, dnc2, dnc3, nd(2, 3))""]",0,1,00:03:07.907579
762,10000000000,0.0293725538426369,5.27617694882729,4.43535475397453,1.25766139940116,COMPLETE,,"[""complex3_12subtasks(dc1, dnc2, dnc3, nd(2, 3))""]",0,1,00:03:06.987822
763,10000000000,0.252544135747727,0.331793170231841,10.7485747210596,51.2242181007952,COMPLETE,,"[""complex3_12subtasks(dc1, dnc2, dnc3, nd(2, 3))""]",0,1,00:03:07.487310
764,10000000000,0.0858689239759292,4.31948816107731,10.2108887818856,0.099751809106778,COMPLETE,,"[""complex3_12subtasks(dc1, dnc2, dnc3, nd(2, 3))""]",0,1,00:03:07.971135
765,10000000000,0.0999484691474085,13.8985036124568,12.2587869989084,0.0485167685316606,COMPLETE,,"[""complex3_12subtasks(dc1, dnc2, dnc3, nd(2, 3))""]",0,1,00:03:06.825543
766,10000000000,0.527201541331297,0.172195943632212,0.852015985257783,8.66712835470782,COMPLETE,,"[""complex3_12subtasks(dc1, dnc2, dnc3, nd(2, 3))""]",0,1,00:03:08.023534
767,10000000000,14.9002694912266,77.6067200859911,14.2498015597727,0.75895392632011,COMPLETE,,"[""complex3_12subtasks(dc1, dnc2, dnc3, nd(2, 3))""]",0,1,00:03:06.627434
768,10000000000,0.10604640838284,2.15643073869809,4.36287655753108,29.3584688002433,COMPLETE,,"[""complex3_12subtasks(dc1, dnc2, dnc3, nd(2, 3))""]",0,1,00:03:07.961939
769,10000000000,0.354321185321347,18.7989602596338,14.2893796726287,0.0109925362008505,COMPLETE,,"[""complex3_12subtasks(dc1, dnc2, dnc3, nd(2, 3))""]",0,1,00:03:06.236247
770,10000000000,0.0493343687600076,1.71687194908373,9.08764893106866,1.20695992603029,COMPLETE,,"[""complex3_12subtasks(dc1, dnc2, dnc3, nd(2, 3))""]",0,1,00:03:07.861315
771,10000000000,4.5643313579649,0.364903840758868,4.04730048406543,0.0778627950270618,COMPLETE,,"[""complex3_12subtasks(dc1, dnc2, dnc3, nd(2, 3))""]",0,1,00:03:06.866696
772,10000000000,0.554301894133396,84.8491418971083,8.91444430870033,12.7357522931547,COMPLETE,,"[""complex3_12subtasks(dc1, dnc2, dnc3, nd(2, 3))""]",0,1,00:03:07.936710
773,10000000000,0.791933850460226,0.10346858759322,5.21754463206942,12.9184192526251,COMPLETE,,"[""complex3_12subtasks(dc1, dnc2, dnc3, nd(2, 3))""]",0,1,00:03:08.048558
774,10000000000,0.636501974672835,0.632863167467728,6.61471403679701,12.2052819902978,COMPLETE,,"[""complex3_12subtasks(dc1, dnc2, dnc3, nd(2, 3))""]",0,1,00:03:07.823907
775,10000000000,0.0582584614956098,2.57954320452634,13.1115478452469,0.0102924119078078,COMPLETE,,"[""complex3_12subtasks(dc1, dnc2, dnc3, nd(2, 3))""]",0,1,00:03:07.856197
776,10000000000,0.0178327122364157,0.102904107275997,5.60810646673615,8.58847244041407,COMPLETE,,"[""complex3_12subtasks(dc1, dnc2, dnc3, nd(2, 3))""]",0,1,00:03:06.514300
777,10000000000,0.37117125984966,0.28006095719359,11.4018009826795,0.0122989461348448,COMPLETE,,"[""complex3_12subtasks(dc1, dnc2, dnc3, nd(2, 3))""]",0,1,00:03:07.856549
778,10000000000,1.26003257586468,0.18747286776777,4.61383408338396,0.542808026753443,COMPLETE,,"[""complex3_12subtasks(dc1, dnc2, dnc3, nd(2, 3))""]",0,1,00:03:07.268185
779,10000000000,0.345519090896026,5.26259874490111,14.7629105661293,0.0747196891700504,COMPLETE,,"[""complex3_12subtasks(dc1, dnc2, dnc3, nd(2, 3))""]",0,1,00:03:07.739357
780,10000000000,0.0556966079718751,94.1486404974347,7.63736375590431,2.32004578245145,COMPLETE,,"[""complex3_12subtasks(dc1, dnc2, dnc3, nd(2, 3))""]",0,1,00:03:07.131799
781,10000000000,0.0124632139727701,131.959559552512,12.1943785146635,55.3613863218047,COMPLETE,,"[""complex3_12subtasks(dc1, dnc2, dnc3, nd(2, 3))""]",0,1,00:03:07.731714
782,10000000000,0.400130972365651,0.41390773883977,0.662519181973167,1.03172527768926,COMPLETE,,"[""complex3_12subtasks(dc1, dnc2, dnc3, nd(2, 3))""]",0,1,00:03:07.622353
783,10000000000,0.712455461143585,54.8806530785492,11.1456735404194,0.0332291491319702,COMPLETE,,"[""complex3_12subtasks(dc1, dnc2, dnc3, nd(2, 3))""]",0,1,00:03:07.431715
784,10000000000,1.34297448198992,0.304808011514496,9.84452491117651,0.097337370623775,COMPLETE,,"[""complex3_12subtasks(dc1, dnc2, dnc3, nd(2, 3))""]",0,1,00:03:08.032991
785,10000000000,13.5410105642207,116.646004427459,9.70710295756398,51.4526062586796,COMPLETE,,"[""complex3_12subtasks(dc1, dnc2, dnc3, nd(2, 3))""]",0,1,00:03:06.536001
786,10000000000,0.714376673579792,0.137935085181302,12.0577712364518,0.0569559097959061,COMPLETE,,"[""complex3_12subtasks(dc1, dnc2, dnc3, nd(2, 3))""]",0,1,00:03:07.608579
787,10000000000,0.211038892109132,14.9748195544768,7.18300683395847,0.107949027379754,COMPLETE,,"[""complex3_12subtasks(dc1, dnc2, dnc3, nd(2, 3))""]",0,1,00:03:07.047894
788,10000000000,0.0522803048845489,0.267463319421896,4.97516227213642,0.0145755937342141,COMPLETE,,"[""complex3_12subtasks(dc1, dnc2, dnc3, nd(2, 3))""]",0,1,00:03:07.740025
789,10000000000,0.126509042617304,4.87040153616385,6.70115372769202,0.678104239240495,COMPLETE,,"[""complex3_12subtasks(dc1, dnc2, dnc3, nd(2, 3))""]",0,1,00:03:07.138024
790,10000000000,6.55295087835009,27.6404252827734,10.2137213640681,0.697639665203706,COMPLETE,,"[""complex3_12subtasks(dc1, dnc2, dnc3, nd(2, 3))""]",0,1,00:03:07.820007
791,10000000000,2.92100189065412,21.0734624982054,13.0470763306252,0.0118194064390644,COMPLETE,,"[""complex3_12subtasks(dc1, dnc2, dnc3, nd(2, 3))""]",0,1,00:03:07.666317
792,10000000000,0.0647411038294751,0.128422004673226,8.49411222686337,0.0949055256603326,COMPLETE,,"[""complex3_12subtasks(dc1, dnc2, dnc3, nd(2, 3))""]",0,1,00:03:07.543189
793,10000000000,0.117695374904379,96.1475756889877,14.5278957839481,0.0113637442425444,COMPLETE,,"[""complex3_12subtasks(dc1, dnc2, dnc3, nd(2, 3))""]",0,1,00:03:07.609446
794,10000000000,0.0173496335367322,8.67566120691534,5.55175548220165,0.0594335275010962,COMPLETE,,"[""complex3_12subtasks(dc1, dnc2, dnc3, nd(2, 3))""]",0,1,00:03:07.280606
795,10000000000,3.65364360826088,0.161375933118693,1.03222304574768,0.461419158148352,COMPLETE,,"[""complex3_12subtasks(dc1, dnc2, dnc3, nd(2, 3))""]",0,1,00:02:16.369477
796,10000000000,0.060866280214941,0.224601307012146,13.9455839703579,32.8173133675289,COMPLETE,,"[""complex3_12subtasks(dc1, dnc2, dnc3, nd(2, 3))""]",0,1,00:03:07.053735
797,10000000000,0.236312007566328,2.36229875998299,11.3871391673216,19.3017339983035,COMPLETE,,"[""complex3_12subtasks(dc1, dnc2, dnc3, nd(2, 3))""]",0,1,00:03:07.597698
798,10000000000,0.0383767523598266,12.34629391176,7.76245622310838,0.441016065556838,COMPLETE,,"[""complex3_12subtasks(dc1, dnc2, dnc3, nd(2, 3))""]",0,1,00:03:07.054538
799,10000000000,0.0138361238513134,22.9340527646905,9.60231570788338,1.38318159307351,COMPLETE,,"[""complex3_12subtasks(dc1, dnc2, dnc3, nd(2, 3))""]",0,1,00:03:05.944527
800,10000000000,0.150799619921129,34.5848638628247,7.79600584291882,1.2670540248347,COMPLETE,,"[""complex3_12subtasks(dc1, dnc2, dnc3, nd(2, 3))""]",0,1,00:03:07.016694
801,10000000000,0.0596952139142591,0.369136617908085,12.8070601481563,0.127564309874399,COMPLETE,,"[""complex3_12subtasks(dc1, dnc2, dnc3, nd(2, 3))""]",0,1,00:03:07.811240
802,10000000000,0.0205446015402396,0.109726119566491,11.0370350137307,1.67425149270352,COMPLETE,,"[""complex3_12subtasks(dc1, dnc2, dnc3, nd(2, 3))""]",0,1,00:03:07.220432
803,10000000000,0.284894710722193,36.8257980680553,11.4319490209481,4.19039623291368,COMPLETE,,"[""complex3_12subtasks(dc1, dnc2, dnc3, nd(2, 3))""]",0,1,00:03:07.572724
804,10000000000,2.56524940964748,0.389373460463636,1.08920232450315,0.0174421906542713,COMPLETE,,"[""complex3_12subtasks(dc1, dnc2, dnc3, nd(2, 3))""]",0,1,00:02:45.229350
805,10000000000,0.1819393656993,0.409765863590437,3.9006536827994,1.17561050185707,COMPLETE,,"[""complex3_12subtasks(dc1, dnc2, dnc3, nd(2, 3))""]",0,1,00:03:07.941976
806,10000000000,1.45318801636671,18.0553589081346,14.9862283208276,0.0101232562020017,COMPLETE,,"[""complex3_12subtasks(dc1, dnc2, dnc3, nd(2, 3))""]",0,1,00:03:07.902707
807,10000000000,0.0713583605492988,3.4441512773388,4.70160517322197,0.278679061015145,COMPLETE,,"[""complex3_12subtasks(dc1, dnc2, dnc3, nd(2, 3))""]",0,1,00:03:07.474476
808,10000000000,8.01142511426665,2.89087388612202,11.7686915702109,0.0263750352882906,COMPLETE,,"[""complex3_12subtasks(dc1, dnc2, dnc3, nd(2, 3))""]",0,1,00:03:07.595811
809,10000000000,0.0633767476477834,0.144278159953403,14.9967589990013,0.189139834123912,COMPLETE,,"[""complex3_12subtasks(dc1, dnc2, dnc3, nd(2, 3))""]",0,1,00:03:07.199931
810,10000000000,0.728255272069505,31.6280687859227,6.06099641080818,31.6904963510069,COMPLETE,,"[""complex3_12subtasks(dc1, dnc2, dnc3, nd(2, 3))""]",0,1,00:03:07.658031
811,10000000000,0.0772040724444368,11.5330377709092,8.79460890903174,0.124860198001119,COMPLETE,,"[""complex3_12subtasks(dc1, dnc2, dnc3, nd(2, 3))""]",0,1,00:03:07.126943
812,10000000000,0.4576877834892,17.4432106227295,12.4641428364021,0.0585631812095294,COMPLETE,,"[""complex3_12subtasks(dc1, dnc2, dnc3, nd(2, 3))""]",0,1,00:03:07.503698
813,10000000000,0.0141647218035942,3.61776656860733,13.0388447108279,0.0202209579553931,COMPLETE,,"[""complex3_12subtasks(dc1, dnc2, dnc3, nd(2, 3))""]",0,1,00:03:06.573341
814,10000000000,0.0319746404963243,43.2082877405423,3.31579446417673,6.66689990774009,COMPLETE,,"[""complex3_12subtasks(dc1, dnc2, dnc3, nd(2, 3))""]",0,1,00:03:07.776139
815,10000000000,0.286549063035182,118.971341299583,10.4246873892208,0.725311627471481,COMPLETE,,"[""complex3_12subtasks(dc1, dnc2, dnc3, nd(2, 3))""]",0,1,00:03:05.679666
816,10000000000,3.34315813628057,0.293253346689665,0.426379940362184,4.80587946309956,COMPLETE,,"[""complex3_12subtasks(dc1, dnc2, dnc3, nd(2, 3))""]",0,1,00:02:07.007536
817,10000000000,0.0266984275631868,13.2453668386478,12.4489171087382,0.154108180034893,COMPLETE,,"[""complex3_12subtasks(dc1, dnc2, dnc3, nd(2, 3))""]",0,1,00:03:07.078495
818,10000000000,0.014921451861787,46.590462890822,7.89513451499187,2.34009336112006,COMPLETE,,"[""complex3_12subtasks(dc1, dnc2, dnc3, nd(2, 3))""]",0,1,00:03:07.998179
819,10000000000,0.0170345690952136,0.105540209780608,3.20627809123238,0.0503253939436331,COMPLETE,,"[""complex3_12subtasks(dc1, dnc2, dnc3, nd(2, 3))""]",0,1,00:03:07.399627
820,10000000000,1.65477734149208,15.3404971719271,12.2111523360959,0.0722226468832794,COMPLETE,,"[""complex3_12subtasks(dc1, dnc2, dnc3, nd(2, 3))""]",0,1,00:03:07.256241
821,10000000000,0.0127772666451325,60.6764953803171,8.58257388309115,8.09695431954147,COMPLETE,,"[""complex3_12subtasks(dc1, dnc2, dnc3, nd(2, 3))""]",0,1,00:03:07.825368
822,10000000000,0.0288436370718764,0.503153191341436,11.7142858372644,0.0567443204530584,COMPLETE,,"[""complex3_12subtasks(dc1, dnc2, dnc3, nd(2, 3))""]",0,1,00:03:06.610690
823,10000000000,0.960712074516882,130.841956811957,5.38178676219083,3.02046675152623,COMPLETE,,"[""complex3_12subtasks(dc1, dnc2, dnc3, nd(2, 3))""]",0,1,00:03:07.954988
824,10000000000,0.178890410955885,122.270500559858,14.9209656635753,2.97809323771801,COMPLETE,,"[""complex3_12subtasks(dc1, dnc2, dnc3, nd(2, 3))""]",0,1,00:03:06.881656
825,10000000000,0.237748444033839,28.1407086825015,11.957106538271,0.0106954039178291,COMPLETE,,"[""complex3_12subtasks(dc1, dnc2, dnc3, nd(2, 3))""]",0,1,00:03:08.016433
826,10000000000,0.0317785397789012,11.926678256766,7.3470069343879,57.0302735643046,COMPLETE,,"[""complex3_12subtasks(dc1, dnc2, dnc3, nd(2, 3))""]",0,1,00:03:07.209033
827,10000000000,0.368269032873943,1.25969417385022,8.93467240074391,1.24678788257795,COMPLETE,,"[""complex3_12subtasks(dc1, dnc2, dnc3, nd(2, 3))""]",0,1,00:03:08.008748
828,10000000000,0.0121170101896829,129.545262276149,3.33364773389624,50.1540410524878,COMPLETE,,"[""complex3_12subtasks(dc1, dnc2, dnc3, nd(2, 3))""]",0,1,00:03:07.816469
829,10000000000,2.46201459913813,0.377943023506578,13.4014944820621,0.0102172520021072,COMPLETE,,"[""complex3_12subtasks(dc1, dnc2, dnc3, nd(2, 3))""]",0,1,00:03:07.097992
830,10000000000,0.102150475818371,0.101513973282001,8.7198649344752,3.00820240291411,COMPLETE,,"[""complex3_12subtasks(dc1, dnc2, dnc3, nd(2, 3))""]",0,1,00:03:07.706414
831,10000000000,0.0286073833945115,1.91141549404862,13.9345210017001,0.147374337399194,COMPLETE,,"[""complex3_12subtasks(dc1, dnc2, dnc3, nd(2, 3))""]",0,1,00:03:06.994774
832,10000000000,0.0430305958019376,0.390282291264413,5.15822029375566,18.9367446578944,COMPLETE,,"[""complex3_12subtasks(dc1, dnc2, dnc3, nd(2, 3))""]",0,1,00:03:07.682258
833,10000000000,0.0216944126238834,71.2297801134836,11.9625655677565,4.42847431155117,COMPLETE,,"[""complex3_12subtasks(dc1, dnc2, dnc3, nd(2, 3))""]",0,1,00:03:07.044743
834,10000000000,7.61652391254887,13.17914808012,10.6460573501138,0.0124667367544771,COMPLETE,,"[""complex3_12subtasks(dc1, dnc2, dnc3, nd(2, 3))""]",0,1,00:03:07.946427
835,10000000000,0.0399223059306317,9.69125188803366,11.8854739292078,0.0115501624690005,COMPLETE,,"[""complex3_12subtasks(dc1, dnc2, dnc3, nd(2, 3))""]",0,1,00:03:07.278060
836,10000000000,0.201311422889268,0.331439914314271,4.67898489501164,40.9505096288282,COMPLETE,,"[""complex3_12subtasks(dc1, dnc2, dnc3, nd(2, 3))""]",0,1,00:03:07.737923
837,10000000000,0.0958760773842825,43.4524748540362,7.89246644350793,12.6582593665447,COMPLETE,,"[""complex3_12subtasks(dc1, dnc2, dnc3, nd(2, 3))""]",0,1,00:03:07.679344
838,10000000000,3.06087109721007,1.05959554952407,0.0163415600724028,0.18727718113562,COMPLETE,,"[""complex3_12subtasks(dc1, dnc2, dnc3, nd(2, 3))""]",0,1,00:02:06.842061
839,10000000000,0.0480584861955683,143.218266933747,10.6482308991445,63.8634954218367,COMPLETE,,"[""complex3_12subtasks(dc1, dnc2, dnc3, nd(2, 3))""]",0,1,00:03:07.595399
840,10000000000,0.20637145949484,4.71585630620592,4.21872853513976,2.68567916973999,COMPLETE,,"[""complex3_12subtasks(dc1, dnc2, dnc3, nd(2, 3))""]",0,1,00:03:07.526410
841,10000000000,11.1438866781705,30.6616368761131,12.3982474980812,1.69529097696488,COMPLETE,,"[""complex3_12subtasks(dc1, dnc2, dnc3, nd(2, 3))""]",0,1,00:03:07.117257
842,10000000000,0.68404183987001,58.5372936120236,8.16741343854183,0.068539648810146,COMPLETE,,"[""complex3_12subtasks(dc1, dnc2, dnc3, nd(2, 3))""]",0,1,00:03:07.408023
843,10000000000,6.64462629507266,1.42193509279157,3.64203808434988,0.0649512558472852,COMPLETE,,"[""complex3_12subtasks(dc1, dnc2, dnc3, nd(2, 3))""]",0,1,00:03:07.432412
844,10000000000,0.02486761289873,0.425058253914954,4.21811961509289,0.0103408287136756,COMPLETE,,"[""complex3_12subtasks(dc1, dnc2, dnc3, nd(2, 3))""]",0,1,00:03:07.133301
845,10000000000,14.4381824852925,0.441148618642187,5.82384754953768,0.122245004020546,COMPLETE,,"[""complex3_12subtasks(dc1, dnc2, dnc3, nd(2, 3))""]",0,1,00:02:44.959440
846,10000000000,0.192106451659869,61.6116182360751,10.7836630900526,24.845871229402,COMPLETE,,"[""complex3_12subtasks(dc1, dnc2, dnc3, nd(2, 3))""]",0,1,00:03:06.927690
847,10000000000,2.22259672453239,0.271809418794206,3.31834797819051,0.106134567619978,COMPLETE,,"[""complex3_12subtasks(dc1, dnc2, dnc3, nd(2, 3))""]",0,1,00:03:07.876511
848,10000000000,0.708443629698294,1.19138116149361,5.37704120883536,0.20479752428573,COMPLETE,,"[""complex3_12subtasks(dc1, dnc2, dnc3, nd(2, 3))""]",0,1,00:03:07.405535
849,10000000000,0.0259802470692316,121.988498714779,7.04210496368424,0.0174545426661402,COMPLETE,,"[""complex3_12subtasks(dc1, dnc2, dnc3, nd(2, 3))""]",0,1,00:03:07.832516
850,10000000000,2.43419178500419,100.759112729079,11.1138611164459,0.0153911284137323,COMPLETE,,"[""complex3_12subtasks(dc1, dnc2, dnc3, nd(2, 3))""]",0,1,00:03:07.381297
851,10000000000,0.675134818676516,27.2251235485169,8.79313143931689,4.66285561895422,COMPLETE,,"[""complex3_12subtasks(dc1, dnc2, dnc3, nd(2, 3))""]",0,1,00:03:07.471564
852,10000000000,0.195065950165365,0.587894471138118,5.3922126177687,9.18723765054184,COMPLETE,,"[""complex3_12subtasks(dc1, dnc2, dnc3, nd(2, 3))""]",0,1,00:03:07.593097
853,10000000000,0.145871161713615,4.64492430072221,11.2146049913008,0.0252218440025222,COMPLETE,,"[""complex3_12subtasks(dc1, dnc2, dnc3, nd(2, 3))""]",0,1,00:03:07.015009
854,10000000000,1.89108692312378,12.9806341176721,0.951069459539546,2.29057736749282,COMPLETE,,"[""complex3_12subtasks(dc1, dnc2, dnc3, nd(2, 3))""]",0,1,00:03:07.197436
855,10000000000,11.3207874317385,0.749871857758289,0.473250365408952,0.0942882576440408,COMPLETE,,"[""complex3_12subtasks(dc1, dnc2, dnc3, nd(2, 3))""]",0,1,00:02:25.111914
856,10000000000,1.59484355478185,0.895094763037611,12.8895861914976,5.87445037181858,COMPLETE,,"[""complex3_12subtasks(dc1, dnc2, dnc3, nd(2, 3))""]",0,1,00:03:07.957288
857,10000000000,0.0401214822392902,0.250926722242546,11.8177884543629,0.0131365666342296,COMPLETE,,"[""complex3_12subtasks(dc1, dnc2, dnc3, nd(2, 3))""]",0,1,00:03:06.337128
858,10000000000,6.45005640966917,57.4339141134758,13.1469574439127,1.62094439959784,COMPLETE,,"[""complex3_12subtasks(dc1, dnc2, dnc3, nd(2, 3))""]",0,1,00:03:08.073851
859,10000000000,0.195644177668267,145.846873687952,7.865014220451,7.65066904935001,COMPLETE,,"[""complex3_12subtasks(dc1, dnc2, dnc3, nd(2, 3))""]",0,1,00:03:06.820641
860,10000000000,11.139915791379,0.296036045328164,14.5524413754846,0.137859492699809,COMPLETE,,"[""complex3_12subtasks(dc1, dnc2, dnc3, nd(2, 3))""]",0,1,00:03:07.905670
861,10000000000,0.694253705781533,1.42514156221241,12.222685657475,0.185781656424416,COMPLETE,,"[""complex3_12subtasks(dc1, dnc2, dnc3, nd(2, 3))""]",0,1,00:03:07.173234
862,10000000000,0.764344484375907,0.233104764779643,3.66453863488554,0.993176862279825,COMPLETE,,"[""complex3_12subtasks(dc1, dnc2, dnc3, nd(2, 3))""]",0,1,00:03:07.783847
863,10000000000,0.0112556371890337,111.210603467737,5.25174508663298,6.5524948771445,COMPLETE,,"[""complex3_12subtasks(dc1, dnc2, dnc3, nd(2, 3))""]",0,1,00:03:07.766241
864,10000000000,0.0355687064583518,105.322972294557,14.2928923076816,21.7824022698366,COMPLETE,,"[""complex3_12subtasks(dc1, dnc2, dnc3, nd(2, 3))""]",0,1,00:03:07.280279
865,10000000000,0.035627634937545,50.4574587736518,10.1197291755014,4.78182495367728,COMPLETE,,"[""complex3_12subtasks(dc1, dnc2, dnc3, nd(2, 3))""]",0,1,00:03:07.449453
866,10000000000,2.57137402341058,0.4340728579239,6.34678613061751,1.92504205002314,COMPLETE,,"[""complex3_12subtasks(dc1, dnc2, dnc3, nd(2, 3))""]",0,1,00:03:06.790321
867,10000000000,0.089113396617027,133.281220682396,9.93708789544414,0.0580352664514587,COMPLETE,,"[""complex3_12subtasks(dc1, dnc2, dnc3, nd(2, 3))""]",0,1,00:03:07.921882
868,10000000000,8.56626340401499,0.288648995921775,6.14795315763157,0.0202514118755049,COMPLETE,,"[""complex3_12subtasks(dc1, dnc2, dnc3, nd(2, 3))""]",0,1,00:03:06.691463
869,10000000000,0.0154232869800885,0.330840089612855,13.4531460974476,0.245256316365376,COMPLETE,,"[""complex3_12subtasks(dc1, dnc2, dnc3, nd(2, 3))""]",0,1,00:03:07.898459
870,10000000000,2.82678675560287,40.0015380246699,14.8569850680464,0.347618369166343,COMPLETE,,"[""complex3_12subtasks(dc1, dnc2, dnc3, nd(2, 3))""]",0,1,00:03:07.123270
871,10000000000,0.257883787400803,1.62670864332793,2.82881808798455,0.209338232475561,COMPLETE,,"[""complex3_12subtasks(dc1, dnc2, dnc3, nd(2, 3))""]",0,1,00:03:08.236036
872,10000000000,0.0119970203198271,40.4590977924356,12.6944850574215,0.0323438109044071,COMPLETE,,"[""complex3_12subtasks(dc1, dnc2, dnc3, nd(2, 3))""]",0,1,00:03:07.412652
873,10000000000,0.0164946414472585,0.334882596092997,14.5768537109191,0.0113542058229084,COMPLETE,,"[""complex3_12subtasks(dc1, dnc2, dnc3, nd(2, 3))""]",0,1,00:03:07.657032
874,10000000000,8.40898965170014,39.6963658835378,14.8626815329095,0.0107575337506526,COMPLETE,,"[""complex3_12subtasks(dc1, dnc2, dnc3, nd(2, 3))""]",0,1,00:03:07.812761
875,10000000000,1.09193727557802,0.401016010058618,11.6570895259118,0.0158113912666643,COMPLETE,,"[""complex3_12subtasks(dc1, dnc2, dnc3, nd(2, 3))""]",0,1,00:03:07.157044
876,10000000000,0.566801613484577,0.304231380741948,5.0526582243858,0.0579697235796079,COMPLETE,,"[""complex3_12subtasks(dc1, dnc2, dnc3, nd(2, 3))""]",0,1,00:03:08.026309
877,10000000000,0.104475496546691,1.35809580735559,4.6494346730838,5.29051442609594,COMPLETE,,"[""complex3_12subtasks(dc1, dnc2, dnc3, nd(2, 3))""]",0,1,00:03:06.807054
878,10000000000,0.0804166983417787,1.72570231969274,4.21868828629762,0.038583926894635,COMPLETE,,"[""complex3_12subtasks(dc1, dnc2, dnc3, nd(2, 3))""]",0,1,00:03:07.998003
879,10000000000,0.162084784754279,41.9381300010902,5.30754157592387,0.0465636834871149,COMPLETE,,"[""complex3_12subtasks(dc1, dnc2, dnc3, nd(2, 3))""]",0,1,00:03:05.398411
880,10000000000,4.21002241213995,0.249258422997741,2.22217166583746,0.344227504870734,COMPLETE,,"[""complex3_12subtasks(dc1, dnc2, dnc3, nd(2, 3))""]",0,1,00:03:07.885046
881,10000000000,0.174871390305042,67.5373633398456,14.4952961560116,0.0425445625172632,COMPLETE,,"[""complex3_12subtasks(dc1, dnc2, dnc3, nd(2, 3))""]",0,1,00:03:07.437946
882,10000000000,0.800955154127453,0.378824015701543,10.1250062671857,57.3407814536765,COMPLETE,,"[""complex3_12subtasks(dc1, dnc2, dnc3, nd(2, 3))""]",0,1,00:03:08.013556
883,10000000000,13.8483014449645,84.0459649599967,10.5138926822655,3.86066038717135,COMPLETE,,"[""complex3_12subtasks(dc1, dnc2, dnc3, nd(2, 3))""]",0,1,00:03:07.180611
884,10000000000,0.0499860247948026,0.663585619601099,9.13658352597201,3.77666989812736,COMPLETE,,"[""complex3_12subtasks(dc1, dnc2, dnc3, nd(2, 3))""]",0,1,00:03:07.442661
885,10000000000,0.0274866995428073,51.622267724427,12.2718411521618,16.8399787054269,COMPLETE,,"[""complex3_12subtasks(dc1, dnc2, dnc3, nd(2, 3))""]",0,1,00:03:07.663344
886,10000000000,0.249701591684864,71.518959950414,12.0149616415315,0.0246387526228829,COMPLETE,,"[""complex3_12subtasks(dc1, dnc2, dnc3, nd(2, 3))""]",0,1,00:03:06.787044
887,10000000000,0.65977778526726,0.482415202553531,7.28492079303826,0.0866241293613757,COMPLETE,,"[""complex3_12subtasks(dc1, dnc2, dnc3, nd(2, 3))""]",0,1,00:03:08.049649
888,10000000000,0.0151405564563127,0.182526406258605,11.244711406597,0.321505650860186,COMPLETE,,"[""complex3_12subtasks(dc1, dnc2, dnc3, nd(2, 3))""]",0,1,00:03:07.383499
889,10000000000,0.0127629454272858,1.68603476689604,14.8982703957402,0.0125105827353622,COMPLETE,,"[""complex3_12subtasks(dc1, dnc2, dnc3, nd(2, 3))""]",0,1,00:03:07.582719
890,10000000000,2.54344448607518,0.11215107135911,13.3946863457709,18.4392990564803,COMPLETE,,"[""complex3_12subtasks(dc1, dnc2, dnc3, nd(2, 3))""]",0,1,00:03:07.479037
891,10000000000,1.26258471009077,0.148637700111529,9.34750935377373,0.0119917360453445,COMPLETE,,"[""complex3_12subtasks(dc1, dnc2, dnc3, nd(2, 3))""]",0,1,00:03:07.995119
892,10000000000,0.539558082594275,1.04889443589427,3.26131428636317,48.4686847517573,COMPLETE,,"[""complex3_12subtasks(dc1, dnc2, dnc3, nd(2, 3))""]",0,1,00:03:08.204077
893,10000000000,0.759035654770744,122.86614754527,14.0018876934784,0.0107601311975325,COMPLETE,,"[""complex3_12subtasks(dc1, dnc2, dnc3, nd(2, 3))""]",0,1,00:03:07.003159
894,10000000000,0.0366863634611057,2.34050392391904,13.4398646415354,28.1043947266523,COMPLETE,,"[""complex3_12subtasks(dc1, dnc2, dnc3, nd(2, 3))""]",0,1,00:03:07.969371
895,10000000000,12.8865275051103,115.214479676873,12.7676290879948,6.91590978616588,COMPLETE,,"[""complex3_12subtasks(dc1, dnc2, dnc3, nd(2, 3))""]",0,1,00:03:06.577997
896,10000000000,0.221943226207573,126.162820985424,1.45742171616497,6.11867953883642,COMPLETE,,"[""complex3_12subtasks(dc1, dnc2, dnc3, nd(2, 3))""]",0,1,00:03:07.923046
897,10000000000,0.042250950171157,1.25391192465645,13.6230859506485,0.0410719227105765,COMPLETE,,"[""complex3_12subtasks(dc1, dnc2, dnc3, nd(2, 3))""]",0,1,00:03:06.369474
898,10000000000,0.321129525766994,1.69082540560287,7.32507209573698,0.0265411746092496,COMPLETE,,"[""complex3_12subtasks(dc1, dnc2, dnc3, nd(2, 3))""]",0,1,00:03:07.821214
899,10000000000,0.468941385461653,0.304804040430037,11.773957924844,19.0196205180784,COMPLETE,,"[""complex3_12subtasks(dc1, dnc2, dnc3, nd(2, 3))""]",0,1,00:03:07.053239
900,10000000000,3.28431491715575,0.81921368747971,3.36398176858733,0.0230744893090545,COMPLETE,,"[""complex3_12subtasks(dc1, dnc2, dnc3, nd(2, 3))""]",0,1,00:03:07.385430
901,10000000000,0.763611840905081,31.3417926642464,12.2094462881076,0.0145165610654495,COMPLETE,,"[""complex3_12subtasks(dc1, dnc2, dnc3, nd(2, 3))""]",0,1,00:03:07.443945
902,10000000000,9.81459743814216,20.5987484250132,12.7372679842182,0.0370414883212823,COMPLETE,,"[""complex3_12subtasks(dc1, dnc2, dnc3, nd(2, 3))""]",0,1,00:03:07.394951
903,10000000000,0.0704669816628988,7.61264480684748,6.17154613523203,0.151787303551512,COMPLETE,,"[""complex3_12subtasks(dc1, dnc2, dnc3, nd(2, 3))""]",0,1,00:03:08.043954
904,10000000000,0.0417304558781257,0.899860515637349,5.98929624420331,1.78876230239298,COMPLETE,,"[""complex3_12subtasks(dc1, dnc2, dnc3, nd(2, 3))""]",0,1,00:03:07.593225
905,10000000000,0.142685839548517,6.05404005689232,14.7288678991878,0.0159751725755097,COMPLETE,,"[""complex3_12subtasks(dc1, dnc2, dnc3, nd(2, 3))""]",0,1,00:03:07.405673
906,10000000000,3.36345899748764,1.62958152102573,14.6476191173734,0.0247429205386353,COMPLETE,,"[""complex3_12subtasks(dc1, dnc2, dnc3, nd(2, 3))""]",0,1,00:03:06.897040
907,10000000000,0.0233434957857076,20.4088747576986,13.4822612281725,15.4779220190361,COMPLETE,,"[""complex3_12subtasks(dc1, dnc2, dnc3, nd(2, 3))""]",0,1,00:03:07.467519
908,10000000000,0.0102858252553162,0.662193999571216,3.51630513547784,3.73475544090639,COMPLETE,,"[""complex3_12subtasks(dc1, dnc2, dnc3, nd(2, 3))""]",0,1,00:03:07.158927
909,10000000000,0.170681222177766,0.17115344222586,0.786539706015931,0.0106323281816499,COMPLETE,,"[""complex3_12subtasks(dc1, dnc2, dnc3, nd(2, 3))""]",0,1,00:03:07.958214
910,10000000000,9.99806810628118,14.4740112844608,14.9763489746887,0.0303624138257911,COMPLETE,,"[""complex3_12subtasks(dc1, dnc2, dnc3, nd(2, 3))""]",0,1,00:03:08.012838
911,10000000000,0.751950117892004,19.4668671454193,14.8089484773454,0.0678741281378085,COMPLETE,,"[""complex3_12subtasks(dc1, dnc2, dnc3, nd(2, 3))""]",0,1,00:03:07.813863
912,10000000000,0.0128866613936964,94.4821520148364,14.5904483326911,7.92879954507841,COMPLETE,,"[""complex3_12subtasks(dc1, dnc2, dnc3, nd(2, 3))""]",0,1,00:03:07.832719
913,10000000000,0.281888066199201,10.6516104237518,12.2087509025004,0.439550489416315,COMPLETE,,"[""complex3_12subtasks(dc1, dnc2, dnc3, nd(2, 3))""]",0,1,00:03:07.246624
914,10000000000,2.17873012961594,8.84892414351187,11.5708322139449,1.18216422015551,COMPLETE,,"[""complex3_12subtasks(dc1, dnc2, dnc3, nd(2, 3))""]",0,1,00:03:08.192200
915,10000000000,1.63168334648405,62.2365916226827,11.7989088348432,3.14572132662889,COMPLETE,,"[""complex3_12subtasks(dc1, dnc2, dnc3, nd(2, 3))""]",0,1,00:03:07.005775
916,10000000000,0.569185294857212,118.421110270656,9.79551903103642,2.55614204273356,COMPLETE,,"[""complex3_12subtasks(dc1, dnc2, dnc3, nd(2, 3))""]",0,1,00:03:07.835350
917,10000000000,3.04855474233249,6.96090721063337,13.1656956572845,0.0966303820606404,COMPLETE,,"[""complex3_12subtasks(dc1, dnc2, dnc3, nd(2, 3))""]",0,1,00:03:06.620520
918,10000000000,1.30654617780584,13.0856886853135,7.760384364824,0.0695050841789373,COMPLETE,,"[""complex3_12subtasks(dc1, dnc2, dnc3, nd(2, 3))""]",0,1,00:03:08.013914
919,10000000000,0.349583746661111,15.9406452874242,8.07661505127686,0.0393400794611626,COMPLETE,,"[""complex3_12subtasks(dc1, dnc2, dnc3, nd(2, 3))""]",0,1,00:03:07.261501
920,10000000000,2.60836065673231,0.529563078763751,5.96376918158131,0.374184968375418,COMPLETE,,"[""complex3_12subtasks(dc1, dnc2, dnc3, nd(2, 3))""]",0,1,00:03:07.604574
921,10000000000,0.100458299517655,7.11471341290143,2.77487197066504,0.450740083016872,COMPLETE,,"[""complex3_12subtasks(dc1, dnc2, dnc3, nd(2, 3))""]",0,1,00:03:07.852639
922,10000000000,0.0133340067219792,1.939853820518,4.65746741988937,0.0121256527082956,COMPLETE,,"[""complex3_12subtasks(dc1, dnc2, dnc3, nd(2, 3))""]",0,1,00:03:07.540930
923,10000000000,0.101246291236323,30.9425317667865,9.26994441670539,2.26612449456685,COMPLETE,,"[""complex3_12subtasks(dc1, dnc2, dnc3, nd(2, 3))""]",0,1,00:03:07.795570
924,10000000000,0.104139245460869,0.933479585165733,7.72027333837936,22.7985812388845,COMPLETE,,"[""complex3_12subtasks(dc1, dnc2, dnc3, nd(2, 3))""]",0,1,00:03:07.045155
925,10000000000,0.050778237867264,0.122338073008417,14.5535332537315,0.0405463624239533,COMPLETE,,"[""complex3_12subtasks(dc1, dnc2, dnc3, nd(2, 3))""]",0,1,00:03:07.638341
926,10000000000,0.315679015422499,0.425025276042616,6.03830838293952,2.0884663972312,COMPLETE,,"[""complex3_12subtasks(dc1, dnc2, dnc3, nd(2, 3))""]",0,1,00:03:07.227110
927,10000000000,1.12933628922288,0.268743710838178,5.71145811024957,0.143849014723267,COMPLETE,,"[""complex3_12subtasks(dc1, dnc2, dnc3, nd(2, 3))""]",0,1,00:03:07.995709
928,10000000000,0.0477903171624542,11.1151357247352,13.3167126856072,0.0212375810302054,COMPLETE,,"[""complex3_12subtasks(dc1, dnc2, dnc3, nd(2, 3))""]",0,1,00:03:07.427379
929,10000000000,0.108290674470535,25.5099033237822,8.92557539994898,0.200885273211003,COMPLETE,,"[""complex3_12subtasks(dc1, dnc2, dnc3, nd(2, 3))""]",0,1,00:03:07.590728
930,10000000000,0.0142668499737055,0.356761464366909,6.59133501970694,0.011374875825343,COMPLETE,,"[""complex3_12subtasks(dc1, dnc2, dnc3, nd(2, 3))""]",0,1,00:03:07.785089
