trial_number,value,state,datetime_start,datetime_complete,duration,param_alpha,param_beta,param_gamma,user_attr_num_completed,user_attr_num_failed,user_attr_avg_completed_makespan,user_attr_avg_computation_time,user_attr_failed_tasks_json
1,2709.54,COMPLETE,2025-05-01T15:03:50.134,2025-05-01T15:15:10.097,679.962734,1.70625755708833,3.88574415541717,0.946130867590891,2,3,60.1666666666667,16.723766433727,"[{""name"": ""simple6_5subtasks(dnc3, nd(3, 6))"", ""status"": ""Failed (Planning/State Error)""}, {""name"": ""simple20_9subtasks(dc2, dnc(1, 2))"", ""status"": ""Failed (Planning/State Error)""}]"
2,2718.82,COMPLETE,2025-05-01T15:03:50.180,2025-05-01T15:15:19.328,689.147804,3.97362008166396,0.902459676410522,2.48775107687312,2,3,47.2333333333333,6.47369210850447,"[{""name"": ""simple4_5subtasks(dc1, dnc2, nd8)"", ""status"": ""Failed (Planning/State Error)""}, {""name"": ""simple16_7subtasks(dc1, dnc(1, 2))"", ""status"": ""Failed (Planning/State Error)""}]"
3,2145.7,COMPLETE,2025-05-01T15:03:50.204,2025-05-01T15:19:46.753,956.549014,1.01107457612149,1.70089142729956,1.7766430353506,3,2,46.2,28.4182937142905,"[{""name"": ""complex5_12subtasks(nd7->dc1, nd(1, 2, 3, 5, 6)"", ""status"": ""Failed (Planning/State Error)""}, {""name"": ""simple18_8subtasks(dc2, dnc2, nd1)"", ""status"": ""Failed (Planning/State Error)""}, {""name"": ""simple9_6subtasks(dc1, dnc2, nd3)"", ""status"": ""Failed (Planning/State Error)""}]"
9,2733.4,COMPLETE,2025-05-01T15:03:50.349,2025-05-01T15:20:33.041,1002.691082,4.27585051002514,3.7345248658438,3.75297139516701,2,3,51.5733333333333,28.8766432606615,"[{""name"": ""complex6_14subtasks(dc1, dnc1, dnc2, nd(2, 3, 5, 6))"", ""status"": ""Failed (Planning/State Error)""}, {""name"": ""simple16_7subtasks(dc1, dnc(1, 2))"", ""status"": ""Failed (Planning/State Error)""}]"
4,2737.3,COMPLETE,2025-05-01T15:03:50.228,2025-05-01T15:21:15.265,1045.037371,1.37212607075441,3.63812721053751,1.7820867052284,2,3,51.4066666666667,34.6823262532242,"[{""name"": ""complex8_15subtasks(dc1, dnc2, nd1->nd4, nd(2, 3, 5, 6))"", ""status"": ""Failed (Planning/State Error)""}, {""name"": ""simple15_6subtasks(nd1->dnc3, nd(2, 5))"", ""status"": ""Failed (Planning/State Error)""}]"
10,1532.74,COMPLETE,2025-05-01T15:15:10.374,2025-05-01T15:25:26.064,615.689496,2.84978133807092,1.11260094839685,0.0536858445688328,4,1,57.4,15.6339782214258,"[{""name"": ""complex1_11subtasks(dc2, dnc2, nd(1, 3, 6))"", ""status"": ""Failed (Planning/State Error)""}, {""name"": ""simple13_6subtasks(dnc(2, 3), nd(3, 6))"", ""status"": ""Failed (Planning/State Error)""}, {""name"": ""simple11_6subtasks(dc1, nd(1, 5))"", ""status"": ""Failed (Planning/State Error)""}, {""name"": ""simple10_6subtasks(dc1, dnc3, nd3)"", ""status"": ""Failed (Planning/State Error)""}]"
8,2148.16,COMPLETE,2025-05-01T15:03:50.327,2025-05-01T15:27:30.895,1420.568371,3.38621061097469,4.37207737430582,2.36834992005476,3,2,76.3,63.6810850780923,"[{""name"": ""simple5_5subtasks(dc1, nd(3, 5, 6))"", ""status"": ""Failed (Planning/State Error)""}, {""name"": ""simple4_5subtasks(dc1, dnc2, nd8)"", ""status"": ""Failed (Planning/State Error)""}, {""name"": ""complex8_15subtasks(dc1, dnc2, nd1->nd4, nd(2, 3, 5, 6))"", ""status"": ""Failed (Planning/State Error)""}]"
0,2730.94,COMPLETE,2025-05-01T15:03:50.127,2025-05-01T15:27:39.654,1429.526634,2.23137213057423,0.329133574673605,3.08054713070322,2,3,92.2666666666667,57.0630604221951,"[{""name"": ""simple10_6subtasks(dc1, dnc3, nd3)"", ""status"": ""Failed (Planning/State Error)""}, {""name"": ""complex6_14subtasks(dc1, dnc1, dnc2, nd(2, 3, 5, 6))"", ""status"": ""Failed (Planning/State Error)""}]"
6,2155.62,COMPLETE,2025-05-01T15:03:50.274,2025-05-01T15:27:42.324,1432.049948,3.42267143571607,2.59625262720139,3.96787050505142,3,2,76.5,59.6019731810316,"[{""name"": ""complex5_12subtasks(nd7->dc1, nd(1, 2, 3, 5, 6)"", ""status"": ""Failed (Planning/State Error)""}, {""name"": ""complex3_12subtasks(dc1, dnc2, dnc3, nd(2, 3))"", ""status"": ""Failed (Planning/State Error)""}, {""name"": ""simple15_6subtasks(nd1->dnc3, nd(2, 5))"", ""status"": ""Failed (Planning/State Error)""}]"
5,2155.86,COMPLETE,2025-05-01T15:03:50.251,2025-05-01T15:31:22.247,1651.995669,4.13253738093328,1.88775713548065,1.56723156237415,3,2,90.15,91.4892021141015,"[{""name"": ""complex6_14subtasks(dc1, dnc1, dnc2, nd(2, 3, 5, 6))"", ""status"": ""Failed (Planning/State Error)""}, {""name"": ""simple10_6subtasks(dc1, dnc3, nd3)"", ""status"": ""Failed (Planning/State Error)""}, {""name"": ""complex8_15subtasks(dc1, dnc2, nd1->nd4, nd(2, 3, 5, 6))"", ""status"": ""Failed (Planning/State Error)""}]"
7,3305.56,COMPLETE,2025-05-01T15:03:50.304,2025-05-01T15:31:39.389,1669.084859,1.67402620851838,2.57751344165876,4.36440616068634,1,4,111.075,87.917439047154,"[{""name"": ""simple10_6subtasks(dc1, dnc3, nd3)"", ""status"": ""Failed (Planning/State Error)""}]"
11,3849.1,COMPLETE,2025-05-01T15:15:19.508,2025-05-01T15:38:45.766,1406.257682,4.70518688363591,4.2920040952472,4.58586425809997,1,4,114.533333333333,75.5969326236285,"[{""name"": ""simple15_6subtasks(nd1->dnc3, nd(2, 5))"", ""status"": ""Failed (Planning/State Error)""}, {""name"": ""simple12_6subtasks(dc2, dnc2)"", ""status"": ""Failed (No Progress)""}]"
14,2737.44,COMPLETE,2025-05-01T15:21:15.469,2025-05-01T15:45:33.323,1457.853073,0.37630157765216,0.927025948192624,4.65608968881713,2,3,72.9,70.2394113092683,"[{""name"": ""simple15_6subtasks(nd1->dnc3, nd(2, 5))"", ""status"": ""Failed (Planning/State Error)""}, {""name"": ""complex8_15subtasks(dc1, dnc2, nd1->nd4, nd(2, 3, 5, 6))"", ""status"": ""Failed (Planning/State Error)""}]"
18,2142.54,COMPLETE,2025-05-01T15:27:42.576,2025-05-01T15:46:10.767,1108.191446,1.10159865325474,2.96921767145516,3.51234784307487,3,2,50.26,50.2605229405686,"[{""name"": ""simple20_9subtasks(dc2, dnc(1, 2))"", ""status"": ""Failed (Planning/State Error)""}, {""name"": ""complex8_15subtasks(dc1, dnc2, nd1->nd4, nd(2, 3, 5, 6))"", ""status"": ""Failed (Planning/State Error)""}, {""name"": ""simple10_6subtasks(dc1, dnc3, nd3)"", ""status"": ""Failed (Planning/State Error)""}]"
16,2719.24,COMPLETE,2025-05-01T15:27:31.127,2025-05-01T15:46:48.100,1156.973296,3.29393620230209,4.74963896476642,0.577357396980234,2,3,84.4,45.4366267001722,"[{""name"": ""simple11_6subtasks(dc1, nd(1, 5))"", ""status"": ""Failed (Planning/State Error)""}, {""name"": ""simple9_6subtasks(dc1, dnc2, nd3)"", ""status"": ""Failed (Planning/State Error)""}]"
17,2146.42,COMPLETE,2025-05-01T15:27:39.886,2025-05-01T15:47:11.874,1171.987932,3.23888008650936,0.25993162501249,0.541963875664402,3,2,55.3,40.0783897959162,"[{""name"": ""simple4_5subtasks(dc1, dnc2, nd8)"", ""status"": ""Failed (Planning/State Error)""}, {""name"": ""complex5_12subtasks(nd7->dc1, nd(1, 2, 3, 5, 6)"", ""status"": ""Failed (Planning/State Error)""}, {""name"": ""simple9_6subtasks(dc1, dnc2, nd3)"", ""status"": ""Failed (Planning/State Error)""}]"
13,2154.22,COMPLETE,2025-05-01T15:20:33.415,2025-05-01T15:48:03.278,1649.863011,1.94827624306354,4.15727871318925,4.13333396398372,3,2,75.65,103.723124215519,"[{""name"": ""simple18_8subtasks(dc2, dnc2, nd1)"", ""status"": ""Failed (Planning/State Error)""}, {""name"": ""simple16_7subtasks(dc1, dnc(1, 2))"", ""status"": ""Failed (Planning/State Error)""}, {""name"": ""complex10_20subtasks(nd7->dc1, dnc1, dnc2, nd1->nd4, nd(2, 3, 5, 6))"", ""status"": ""Failed (Planning/State Error)""}]"
22,5250,PRUNED,2025-05-01T15:45:33.614,2025-05-01T15:48:33.004,179.390394,1.60496694577855,3.81674587557969,2.16114055932796,,,,,[]
12,2169.86,COMPLETE,2025-05-01T15:19:46.968,2025-05-01T15:53:35.986,2029.017356,1.65758427779074,3.26284087790168,3.46115250678375,3,2,84.51,123.982930350257,"[{""name"": ""complex10_20subtasks(nd7->dc1, dnc1, dnc2, nd1->nd4, nd(2, 3, 5, 6))"", ""status"": ""Failed (Planning/State Error)""}, {""name"": ""complex5_12subtasks(nd7->dc1, nd(1, 2, 3, 5, 6)"", ""status"": ""Failed (Planning/State Error)""}, {""name"": ""simple16_7subtasks(dc1, dnc(1, 2))"", ""status"": ""Failed (Planning/State Error)""}]"
15,2737.3,COMPLETE,2025-05-01T15:25:26.245,2025-05-01T15:53:59.947,1713.701588,4.24964290027378,0.112350252022429,3.37854248662493,2,3,90.9333333333333,89.243914960511,"[{""name"": ""complex8_15subtasks(dc1, dnc2, nd1->nd4, nd(2, 3, 5, 6))"", ""status"": ""Failed (Planning/State Error)""}, {""name"": ""simple9_6subtasks(dc1, dnc2, nd3)"", ""status"": ""Failed (Planning/State Error)""}]"
23,3900,PRUNED,2025-05-01T15:46:11.214,2025-05-01T15:55:53.057,581.842555,4.75715245054778,4.54446202070597,0.460322566313179,,,,,[]
24,1534.36,COMPLETE,2025-05-01T15:46:48.294,2025-05-01T16:00:33.200,824.905707,2.56268835824148,1.4515690405228,0.140346154024528,4,1,73.5,33.2542742528021,"[{""name"": ""simple18_8subtasks(dc2, dnc2, nd1)"", ""status"": ""Failed (Planning/State Error)""}, {""name"": ""simple20_9subtasks(dc2, dnc(1, 2))"", ""status"": ""Failed (Planning/State Error)""}, {""name"": ""complex6_14subtasks(dc1, dnc1, dnc2, nd(2, 3, 5, 6))"", ""status"": ""Failed (Planning/State Error)""}, {""name"": ""simple6_5subtasks(dnc3, nd(3, 6))"", ""status"": ""Failed (Planning/State Error)""}]"
21,2151.82,COMPLETE,2025-05-01T15:38:45.994,2025-05-01T16:01:10.735,1344.741406,3.71983306190643,4.44858659548069,1.60005385457864,3,2,59.85,57.1842292193323,"[{""name"": ""complex5_12subtasks(nd7->dc1, nd(1, 2, 3, 5, 6)"", ""status"": ""Failed (Planning/State Error)""}, {""name"": ""simple19_9subtasks(dc1, nd(1, 3, 5, 6))"", ""status"": ""Failed (Planning/State Error)""}, {""name"": ""simple18_8subtasks(dc2, dnc2, nd1)"", ""status"": ""Failed (Planning/State Error)""}]"
25,1543.98,COMPLETE,2025-05-01T15:47:12.065,2025-05-01T16:02:14.889,902.823688,1.4544051112951,0.690285180524857,0.326677223402755,4,1,45.3,29.3492911821231,"[{""name"": ""complex7_14subtasks(dc1, dnc1, dnc3,  nd(1, 3, 5, 6))"", ""status"": ""Failed (Planning/State Error)""}, {""name"": ""simple6_5subtasks(dnc3, nd(3, 6))"", ""status"": ""Failed (Planning/State Error)""}, {""name"": ""simple9_6subtasks(dc1, dnc2, nd3)"", ""status"": ""Failed (Planning/State Error)""}, {""name"": ""simple15_6subtasks(nd1->dnc3, nd(2, 5))"", ""status"": ""Failed (Planning/State Error)""}]"
29,3900,PRUNED,2025-05-01T15:54:00.217,2025-05-01T16:02:24.615,504.398619,0.229591796670379,4.97615311864611,3.52829677207395,,,,,[]
20,2169.64,COMPLETE,2025-05-01T15:31:39.600,2025-05-01T16:02:25.414,1845.813541,0.543107388212507,1.63143643585127,1.7720242005359,3,2,48.2,116.401822920609,"[{""name"": ""complex10_20subtasks(nd7->dc1, dnc1, dnc2, nd1->nd4, nd(2, 3, 5, 6))"", ""status"": ""Failed (Planning/State Error)""}, {""name"": ""simple15_6subtasks(nd1->dnc3, nd(2, 5))"", ""status"": ""Failed (Planning/State Error)""}, {""name"": ""complex5_12subtasks(nd7->dc1, nd(1, 2, 3, 5, 6)"", ""status"": ""Failed (Planning/State Error)""}]"
31,3900,PRUNED,2025-05-01T16:00:33.443,2025-05-01T16:03:01.506,148.06313,1.80832635382718,1.48915512301103,0.0770428457543869,,,,,[]
19,2739.92,PRUNED,2025-05-01T15:31:22.484,2025-05-01T16:04:55.427,2012.942861,0.295567338068371,0.630526533451356,1.70607608226838,,,,,[]
34,3900,PRUNED,2025-05-01T16:02:24.826,2025-05-01T16:05:38.480,193.654095,1.97809267059916,1.81534353712087,0.0647503060999269,,,,,[]
36,3900,PRUNED,2025-05-01T16:03:01.830,2025-05-01T16:06:03.202,181.371042,3.38358372869023,2.31532489108555,0.392063724631016,,,,,[]
27,2684.52,COMPLETE,2025-05-01T15:48:33.179,2025-05-01T16:07:09.896,1116.716653,3.30286300023246,1.70060760848847,0.339678615564258,3,2,56.4,63.5265137709212,"[{""name"": ""simple15_6subtasks(nd1->dnc3, nd(2, 5))"", ""status"": ""Failed (Planning/State Error)""}, {""name"": ""simple12_6subtasks(dc2, dnc2)"", ""status"": ""Failed (No Progress)""}, {""name"": ""simple6_5subtasks(dnc3, nd(3, 6))"", ""status"": ""Failed (Planning/State Error)""}, {""name"": ""complex10_20subtasks(nd7->dc1, dnc1, dnc2, nd1->nd4, nd(2, 3, 5, 6))"", ""status"": ""Failed (Planning/State Error)""}]"
26,2136.54,COMPLETE,2025-05-01T15:48:03.529,2025-05-01T16:08:11.867,1208.337923,2.82944661064385,2.21177208962761,0.603182952037684,3,2,82.45,49.6960809723008,"[{""name"": ""complex6_14subtasks(dc1, dnc1, dnc2, nd(2, 3, 5, 6))"", ""status"": ""Failed (Planning/State Error)""}, {""name"": ""simple8_5subtasks(nd(4, 5, 6))"", ""status"": ""Failed (Planning/State Error)""}, {""name"": ""simple15_6subtasks(nd1->dnc3, nd(2, 5))"", ""status"": ""Failed (Planning/State Error)""}]"
28,2485.05,PRUNED,2025-05-01T15:53:36.317,2025-05-01T16:08:50.825,914.507984,2.78446952485551,2.12453241413292,1.01241378975959,,,,,[]
39,3900,PRUNED,2025-05-01T16:06:03.445,2025-05-01T16:08:59.062,175.617093,1.70082841534304,0.473007447281858,0.472131630025485,,,,,[]
40,3900,PRUNED,2025-05-01T16:07:10.146,2025-05-01T16:09:54.335,164.188926,0.352034143498503,3.18700123770541,2.89606411317379,,,,,[]
35,3900,PRUNED,2025-05-01T16:02:25.705,2025-05-01T16:10:32.047,486.341302,0.116975881932576,0.291982683914346,0.62186310087021,,,,,[]
41,3900,PRUNED,2025-05-01T16:08:12.063,2025-05-01T16:11:04.778,172.714267,1.8151827364762,0.374144333223279,0.262842202925928,,,,,[]
43,3900,PRUNED,2025-05-01T16:08:59.281,2025-05-01T16:11:18.589,139.30775,2.318769503566,0.899937807484361,1.10978959726094,,,,,[]
33,2118.18,COMPLETE,2025-05-01T16:02:15.377,2025-05-01T16:15:55.864,820.486793,0.930145856149358,0.300575519045714,0.509589136191385,3,2,77.6,17.277428481821,"[{""name"": ""simple5_5subtasks(dc1, nd(3, 5, 6))"", ""status"": ""Failed (Planning/State Error)""}, {""name"": ""simple6_5subtasks(dnc3, nd(3, 6))"", ""status"": ""Failed (Planning/State Error)""}, {""name"": ""simple15_6subtasks(nd1->dnc3, nd(2, 5))"", ""status"": ""Failed (Planning/State Error)""}]"
42,2120.18,COMPLETE,2025-05-01T16:08:51.075,2025-05-01T16:20:05.331,674.256597,0.834219142567434,0.378297312977957,0.315895115271412,3,2,56.76,19.1485368853435,"[{""name"": ""simple18_8subtasks(dc2, dnc2, nd1)"", ""status"": ""Failed (Planning/State Error)""}, {""name"": ""simple15_6subtasks(nd1->dnc3, nd(2, 5))"", ""status"": ""Failed (Planning/State Error)""}, {""name"": ""simple6_5subtasks(dnc3, nd(3, 6))"", ""status"": ""Failed (Planning/State Error)""}]"
46,1038.2,PRUNED,2025-05-01T16:11:05.046,2025-05-01T16:22:02.712,657.66616,2.91868014713909,1.36384309200256,0.169640227589913,,,,,[]
49,3900,PRUNED,2025-05-01T16:20:05.587,2025-05-01T16:23:10.518,184.930163,1.53547669896713,0.458931301881084,2.00152586953034,,,,,[]
32,2118.28,COMPLETE,2025-05-01T16:01:10.954,2025-05-01T16:23:56.048,1365.09358,2.27519429655073,2.05561437375264,0.0107930028919039,3,2,118.55,78.6088316645008,"[{""name"": ""simple8_5subtasks(nd(4, 5, 6))"", ""status"": ""Failed (Planning/State Error)""}, {""name"": ""simple5_5subtasks(dc1, nd(3, 5, 6))"", ""status"": ""Failed (Planning/State Error)""}, {""name"": ""simple16_7subtasks(dc1, dnc(1, 2))"", ""status"": ""Failed (Planning/State Error)""}]"
38,2097.82,COMPLETE,2025-05-01T16:05:38.715,2025-05-01T16:24:25.809,1127.093758,1.12255525866097,0.37125980070898,0.592681242713659,4,1,,62.2438171165064,"[{""name"": ""simple16_7subtasks(dc1, dnc(1, 2))"", ""status"": ""Failed (Planning/State Error)""}, {""name"": ""complex1_11subtasks(dc2, dnc2, nd(1, 3, 6))"", ""status"": ""Failed (Planning/State Error)""}, {""name"": ""complex6_14subtasks(dc1, dnc1, dnc2, nd(2, 3, 5, 6))"", ""status"": ""Failed (Planning/State Error)""}, {""name"": ""simple20_9subtasks(dc2, dnc(1, 2))"", ""status"": ""Failed (Planning/State Error)""}, {""name"": ""simple12_6subtasks(dc2, dnc2)"", ""status"": ""Failed (No Progress)""}]"
48,3900,PRUNED,2025-05-01T16:15:56.151,2025-05-01T16:24:40.191,524.039596,4.98841201516062,0.647886378621604,0.206914377515036,,,,,[]
45,946.58,COMPLETE,2025-05-01T16:10:32.266,2025-05-01T16:25:22.502,890.23634,2.1646080567857,3.14689401459333,0.253033011855295,5,0,,49.0021200824063,"[{""name"": ""simple2_4subtasks(dnc2,  nd(3, 4))"", ""status"": ""Failed (Planning/State Error)""}, {""name"": ""simple6_5subtasks(dnc3, nd(3, 6))"", ""status"": ""Failed (Planning/State Error)""}, {""name"": ""simple20_9subtasks(dc2, dnc(1, 2))"", ""status"": ""Failed (Planning/State Error)""}, {""name"": ""simple13_6subtasks(dnc(2, 3), nd(3, 6))"", ""status"": ""Failed (Planning/State Error)""}, {""name"": ""complex7_14subtasks(dc1, dnc1, dnc3,  nd(1, 3, 5, 6))"", ""status"": ""Failed (Planning/State Error)""}]"
37,959.98,COMPLETE,2025-05-01T16:04:55.638,2025-05-01T16:25:58.806,1263.168048,3.25470290388065,2.3678501055544,0.0479566076202271,5,0,,80.6792672417127,"[{""name"": ""complex3_12subtasks(dc1, dnc2, dnc3, nd(2, 3))"", ""status"": ""Failed (Planning/State Error)""}, {""name"": ""simple6_5subtasks(dnc3, nd(3, 6))"", ""status"": ""Failed (Planning/State Error)""}, {""name"": ""simple5_5subtasks(dc1, nd(3, 5, 6))"", ""status"": ""Failed (Planning/State Error)""}, {""name"": ""complex9_17subtasks(dc2, dnc1, dnc2, dnc3, nd(1, 2, 3))"", ""status"": ""Failed (Planning/State Error)""}, {""name"": ""simple20_9subtasks(dc2, dnc(1, 2))"", ""status"": ""Failed (Planning/State Error)""}]"
30,2133.1,COMPLETE,2025-05-01T15:55:53.529,2025-05-01T16:29:02.406,1988.87679,0.377163885182492,1.56529292343136,2.3002560914262,3,2,157.91,117.898766982555,"[{""name"": ""complex1_11subtasks(dc2, dnc2, nd(1, 3, 6))"", ""status"": ""Failed (Planning/State Error)""}, {""name"": ""simple16_7subtasks(dc1, dnc(1, 2))"", ""status"": ""Failed (Planning/State Error)""}, {""name"": ""simple4_5subtasks(dc1, dnc2, nd8)"", ""status"": ""Failed (Planning/State Error)""}]"
51,3900,PRUNED,2025-05-01T16:23:10.767,2025-05-01T16:31:03.359,472.591917,1.09078971000214,0.104601410463711,0.298726866443151,,,,,[]
52,3900,PRUNED,2025-05-01T16:23:56.482,2025-05-01T16:31:28.374,451.892351,0.403872692648475,1.99195100899461,0.542614488814843,,,,,[]
44,2137.8,COMPLETE,2025-05-01T16:09:54.616,2025-05-01T16:33:04.025,1389.409338,3.19410307220225,0.779490833556841,0.115753719927532,3,2,88.75,79.2603257363662,"[{""name"": ""simple15_6subtasks(nd1->dnc3, nd(2, 5))"", ""status"": ""Failed (Planning/State Error)""}, {""name"": ""complex6_14subtasks(dc1, dnc1, dnc2, nd(2, 3, 5, 6))"", ""status"": ""Failed (Planning/State Error)""}, {""name"": ""simple13_6subtasks(dnc(2, 3), nd(3, 6))"", ""status"": ""Failed (Planning/State Error)""}]"
53,3900,PRUNED,2025-05-01T16:24:26.049,2025-05-01T16:36:02.720,696.670898,0.452411579043675,1.38110879236234,0.119985629556135,,,,,[]
55,3900,PRUNED,2025-05-01T16:25:22.729,2025-05-01T16:36:52.693,689.964152,1.64755589173978,3.18125246869341,0.517480593254092,,,,,[]
60,3900,PRUNED,2025-05-01T16:33:04.267,2025-05-01T16:38:46.931,342.664366,2.55154397288052,3.55727336666451,0.290325922708585,,,,,[]
59,3900,PRUNED,2025-05-01T16:31:28.594,2025-05-01T16:39:19.238,470.644239,1.18881867686484,3.82270128440259,0.53991476095599,,,,,[]
50,960.4,COMPLETE,2025-05-01T16:22:02.965,2025-05-01T16:40:53.951,1130.986289,0.256430412210125,2.44311590250986,0.370351736725887,5,0,,58.0414386293385,"[{""name"": ""simple19_9subtasks(dc1, nd(1, 3, 5, 6))"", ""status"": ""Failed (Planning/State Error)""}, {""name"": ""simple20_9subtasks(dc2, dnc(1, 2))"", ""status"": ""Failed (Planning/State Error)""}, {""name"": ""simple16_7subtasks(dc1, dnc(1, 2))"", ""status"": ""Failed (Planning/State Error)""}, {""name"": ""simple11_6subtasks(dc1, nd(1, 5))"", ""status"": ""Failed (Planning/State Error)""}, {""name"": ""complex1_11subtasks(dc2, dnc2, nd(1, 3, 6))"", ""status"": ""Failed (Planning/State Error)""}]"
57,3900,PRUNED,2025-05-01T16:29:02.753,2025-05-01T16:41:21.280,738.526839,1.62116661419627,2.58697318896959,0.724054434518922,,,,,[]
47,2150.92,COMPLETE,2025-05-01T16:11:18.829,2025-05-01T16:41:32.400,1813.571355,2.19451081384299,2.76700952317385,1.1874223169715,3,2,87.95,134.9709732207,"[{""name"": ""simple18_8subtasks(dc2, dnc2, nd1)"", ""status"": ""Failed (Planning/State Error)""}, {""name"": ""complex10_20subtasks(nd7->dc1, dnc1, dnc2, nd1->nd4, nd(2, 3, 5, 6))"", ""status"": ""Failed (Planning/State Error)""}, {""name"": ""simple20_9subtasks(dc2, dnc(1, 2))"", ""status"": ""Failed (Planning/State Error)""}]"
65,3900,PRUNED,2025-05-01T16:40:54.252,2025-05-01T16:43:27.165,152.912815,0.387552164120686,2.83640705095697,0.58754270684096,,,,,[]
66,3900,PRUNED,2025-05-01T16:41:21.499,2025-05-01T16:46:06.615,285.116961,0.453046112018487,2.9480662331898,0.717129481325153,,,,,[]
68,3900,PRUNED,2025-05-01T16:43:27.380,2025-05-01T16:46:16.206,168.826691,3.315360439055,2.96577501130261,0.551991899699639,,,,,[]
69,3900,PRUNED,2025-05-01T16:46:06.864,2025-05-01T16:51:33.784,326.920008,3.58501812498779,3.24984699385397,0.182821117928273,,,,,[]
54,2702.06,COMPLETE,2025-05-01T16:24:40.423,2025-05-01T16:51:47.275,1626.851405,0.793135211299418,1.31463717064018,0.405474703756146,3,2,43.8,131.278691214416,"[{""name"": ""complex7_14subtasks(dc1, dnc1, dnc3,  nd(1, 3, 5, 6))"", ""status"": ""Failed (Planning/State Error)""}, {""name"": ""simple12_6subtasks(dc2, dnc2)"", ""status"": ""Failed (No Progress)""}, {""name"": ""simple10_6subtasks(dc1, dnc3, nd3)"", ""status"": ""Failed (Planning/State Error)""}, {""name"": ""complex10_20subtasks(nd7->dc1, dnc1, dnc2, nd1->nd4, nd(2, 3, 5, 6))"", ""status"": ""Failed (Planning/State Error)""}]"
70,3900,PRUNED,2025-05-01T16:46:16.499,2025-05-01T16:52:35.546,379.046943,2.77370156638534,1.07923117067967,3.1662002566788,,,,,[]
61,2135.76,COMPLETE,2025-05-01T16:36:02.965,2025-05-01T16:53:04.943,1021.977815,2.05224127535879,3.75439346853419,0.365324493196184,3,2,66.8,37.1068518886343,"[{""name"": ""simple20_9subtasks(dc2, dnc(1, 2))"", ""status"": ""Failed (Planning/State Error)""}, {""name"": ""complex1_11subtasks(dc2, dnc2, nd(1, 3, 6))"", ""status"": ""Failed (Planning/State Error)""}, {""name"": ""simple9_6subtasks(dc1, dnc2, nd3)"", ""status"": ""Failed (Planning/State Error)""}]"
56,978.38,COMPLETE,2025-05-01T16:25:59.045,2025-05-01T16:54:58.048,1739.002791,2.23930799580949,3.84552569602937,0.213328619515426,5,0,,128.09647276313,"[{""name"": ""simple19_9subtasks(dc1, nd(1, 3, 5, 6))"", ""status"": ""Failed (Planning/State Error)""}, {""name"": ""simple8_5subtasks(nd(4, 5, 6))"", ""status"": ""Failed (Planning/State Error)""}, {""name"": ""complex10_20subtasks(nd7->dc1, dnc1, dnc2, nd1->nd4, nd(2, 3, 5, 6))"", ""status"": ""Failed (Planning/State Error)""}, {""name"": ""simple20_9subtasks(dc2, dnc(1, 2))"", ""status"": ""Failed (Planning/State Error)""}, {""name"": ""complex2_11subtasks(dc2, nd(1, 3, 5, 6))"", ""status"": ""Failed (Planning/State Error)""}]"
63,1541.64,COMPLETE,2025-05-01T16:38:47.355,2025-05-01T16:55:27.828,1000.473021,2.28102787750538,2.89100993824318,0.664741687183041,4,1,45.3,51.0834158223122,"[{""name"": ""complex6_14subtasks(dc1, dnc1, dnc2, nd(2, 3, 5, 6))"", ""status"": ""Failed (Planning/State Error)""}, {""name"": ""simple15_6subtasks(nd1->dnc3, nd(2, 5))"", ""status"": ""Failed (Planning/State Error)""}, {""name"": ""simple5_5subtasks(dc1, nd(3, 5, 6))"", ""status"": ""Failed (Planning/State Error)""}, {""name"": ""simple6_5subtasks(dnc3, nd(3, 6))"", ""status"": ""Failed (Planning/State Error)""}]"
67,1068.1,PRUNED,2025-05-01T16:41:32.645,2025-05-01T16:55:48.558,855.913157,0.10920113569345,2.51129445127907,0.104686751947958,,,,,[]
75,3900,PRUNED,2025-05-01T16:54:58.278,2025-05-01T16:57:37.002,158.724056,1.57679977871682,4.83499385384202,0.853109069176653,,,,,[]
58,2160.52,COMPLETE,2025-05-01T16:31:03.647,2025-05-01T16:59:14.122,1690.474577,1.79823943214339,3.20609011693135,1.08930857401712,3,2,53.5,106.111348486831,"[{""name"": ""simple18_8subtasks(dc2, dnc2, nd1)"", ""status"": ""Failed (Planning/State Error)""}, {""name"": ""complex8_15subtasks(dc1, dnc2, nd1->nd4, nd(2, 3, 5, 6))"", ""status"": ""Failed (Planning/State Error)""}, {""name"": ""complex5_12subtasks(nd7->dc1, nd(1, 2, 3, 5, 6)"", ""status"": ""Failed (Planning/State Error)""}]"
79,6600,PRUNED,2025-05-01T16:59:14.357,2025-05-01T16:59:19.217,4.859801,2.66123632947352,3.96341363008559,0.550634594324898,,,,,[]
73,3900,PRUNED,2025-05-01T16:52:35.813,2025-05-01T17:01:57.829,562.015932,3.58306556539639,1.75694352386505,0.196713126572455,,,,,[]
71,936.38,COMPLETE,2025-05-01T16:51:34.039,2025-05-01T17:02:37.359,663.320009,4.15326661429452,1.69809557685318,0.0905551444015575,5,0,,27.2584046272095,"[{""name"": ""simple3_5subtasks(dc1 , nd(3, 6))"", ""status"": ""Failed (Planning/State Error)""}, {""name"": ""simple15_6subtasks(nd1->dnc3, nd(2, 5))"", ""status"": ""Failed (Planning/State Error)""}, {""name"": ""complex1_11subtasks(dc2, dnc2, nd(1, 3, 6))"", ""status"": ""Failed (Planning/State Error)""}, {""name"": ""simple13_6subtasks(dnc(2, 3), nd(3, 6))"", ""status"": ""Failed (Planning/State Error)""}, {""name"": ""simple4_5subtasks(dc1, dnc2, nd8)"", ""status"": ""Failed (Planning/State Error)""}]"
62,2142.2,COMPLETE,2025-05-01T16:36:52.960,2025-05-01T17:02:49.869,1556.908872,2.51961361443631,3.80278279303959,0.105550777311483,3,2,88.75,96.4601639974862,"[{""name"": ""simple10_6subtasks(dc1, dnc3, nd3)"", ""status"": ""Failed (Planning/State Error)""}, {""name"": ""complex8_15subtasks(dc1, dnc2, nd1->nd4, nd(2, 3, 5, 6))"", ""status"": ""Failed (Planning/State Error)""}, {""name"": ""simple15_6subtasks(nd1->dnc3, nd(2, 5))"", ""status"": ""Failed (Planning/State Error)""}]"
77,1011.8,PRUNED,2025-05-01T16:55:48.831,2025-05-01T17:04:04.712,495.881025,2.01567995526777,4.42158349552342,0.347966421703193,,,,,[]
82,3900,PRUNED,2025-05-01T17:02:37.596,2025-05-01T17:05:07.165,149.569536,2.00556052508848,2.71489576720347,0.200022665300753,,,,,[]
76,3900,PRUNED,2025-05-01T16:55:28.091,2025-05-01T17:07:57.340,749.248124,4.44483329321441,1.65094861588007,3.61120686158255,,,,,[]
74,1068.9,PRUNED,2025-05-01T16:53:05.156,2025-05-01T17:08:26.699,921.543823,4.12134116690241,2.18129595714833,0.40027783204603,,,,,[]
78,2116.54,COMPLETE,2025-05-01T16:57:37.330,2025-05-01T17:08:46.891,669.561676,2.51673569630849,3.23989237458142,0.635685287902712,3,2,60.3,24.1468260711059,"[{""name"": ""simple6_5subtasks(dnc3, nd(3, 6))"", ""status"": ""Failed (Planning/State Error)""}, {""name"": ""simple20_9subtasks(dc2, dnc(1, 2))"", ""status"": ""Failed (Planning/State Error)""}, {""name"": ""simple5_5subtasks(dc1, nd(3, 5, 6))"", ""status"": ""Failed (Planning/State Error)""}]"
80,1038.2,PRUNED,2025-05-01T16:59:19.518,2025-05-01T17:10:08.017,648.499458,2.14336578630664,3.08389311287767,0.0279100601455489,,,,,[]
64,987.84,COMPLETE,2025-05-01T16:39:19.514,2025-05-01T17:11:06.127,1906.613092,3.14663934949915,3.61508796064245,0.215100887505084,5,0,,130.344382000342,"[{""name"": ""simple15_6subtasks(nd1->dnc3, nd(2, 5))"", ""status"": ""Failed (Planning/State Error)""}, {""name"": ""complex7_14subtasks(dc1, dnc1, dnc3,  nd(1, 3, 5, 6))"", ""status"": ""Failed (Planning/State Error)""}, {""name"": ""simple13_6subtasks(dnc(2, 3), nd(3, 6))"", ""status"": ""Failed (Planning/State Error)""}, {""name"": ""complex8_15subtasks(dc1, dnc2, nd1->nd4, nd(2, 3, 5, 6))"", ""status"": ""Failed (Planning/State Error)""}, {""name"": ""complex5_12subtasks(nd7->dc1, nd(1, 2, 3, 5, 6)"", ""status"": ""Failed (Planning/State Error)""}]"
84,3900,PRUNED,2025-05-01T17:04:04.993,2025-05-01T17:11:12.215,427.22186,4.58458305742535,1.62326139750961,0.419564281586705,,,,,[]
83,1032.4,PRUNED,2025-05-01T17:02:50.130,2025-05-01T17:13:24.138,634.007838,4.32021897419383,2.34232255279013,0.571845964463463,,,,,[]
91,3900,PRUNED,2025-05-01T17:11:12.471,2025-05-01T17:13:31.741,139.2695,2.84609716925417,2.42473223467506,0.204705921157251,,,,,[]
85,1027.3,PRUNED,2025-05-01T17:05:07.460,2025-05-01T17:14:51.234,583.773823,4.69807194054779,2.03800081305692,0.351900848693533,,,,,[]
72,2140.18,COMPLETE,2025-05-01T16:51:47.607,2025-05-01T17:15:40.812,1433.205037,4.67583839591311,2.64368923406836,1.17471987469388,3,2,91.7,78.5066674949136,"[{""name"": ""simple15_6subtasks(nd1->dnc3, nd(2, 5))"", ""status"": ""Failed (Planning/State Error)""}, {""name"": ""complex5_12subtasks(nd7->dc1, nd(1, 2, 3, 5, 6)"", ""status"": ""Failed (Planning/State Error)""}, {""name"": ""simple20_9subtasks(dc2, dnc(1, 2))"", ""status"": ""Failed (Planning/State Error)""}]"
92,3900,PRUNED,2025-05-01T17:13:24.411,2025-05-01T17:16:36.596,192.184313,3.78894277228126,2.7156426490273,2.12388019249521,,,,,[]
93,3900,PRUNED,2025-05-01T17:13:32.007,2025-05-01T17:16:43.188,191.180692,2.7211655967794,0.764419509830394,0.165263757639354,,,,,[]
87,1530.52,COMPLETE,2025-05-01T17:08:26.959,2025-05-01T17:19:55.868,688.908903,4.62003993469522,1.56480422558846,0.0573904382048703,4,1,57.4,26.3203187273815,"[{""name"": ""simple10_6subtasks(dc1, dnc3, nd3)"", ""status"": ""Failed (Planning/State Error)""}, {""name"": ""simple18_8subtasks(dc2, dnc2, nd1)"", ""status"": ""Failed (Planning/State Error)""}, {""name"": ""simple6_5subtasks(dnc3, nd(3, 6))"", ""status"": ""Failed (Planning/State Error)""}, {""name"": ""complex3_12subtasks(dc1, dnc2, dnc3, nd(2, 3))"", ""status"": ""Failed (Planning/State Error)""}]"
90,1032.4,PRUNED,2025-05-01T17:11:06.488,2025-05-01T17:20:55.669,589.181599,4.33982632546787,1.68037138823472,0.946386352364451,,,,,[]
95,3900,PRUNED,2025-05-01T17:15:41.092,2025-05-01T17:21:13.979,332.886487,2.96928042796966,1.57128767408735,0.949835772839743,,,,,[]
98,3900,PRUNED,2025-05-01T17:19:56.206,2025-05-01T17:22:18.650,142.444148,3.60647103360575,1.25709264166418,0.931186086831035,,,,,[]
100,3900,PRUNED,2025-05-01T17:21:14.262,2025-05-01T17:24:11.065,176.803048,1.81493351584097,0.924740198589238,4.85393445777578,,,,,[]
101,3900,PRUNED,2025-05-01T17:22:18.924,2025-05-01T17:25:28.254,189.329522,2.23450208160537,1.42036982653416,0.14774107265138,,,,,[]
81,2124.82,COMPLETE,2025-05-01T17:01:58.062,2025-05-01T17:28:06.542,1568.479396,2.51718615831202,2.78544340383277,0.5686822727029,3,2,138.3,96.3813690816984,"[{""name"": ""simple19_9subtasks(dc1, nd(1, 3, 5, 6))"", ""status"": ""Failed (Planning/State Error)""}, {""name"": ""simple3_5subtasks(dc1 , nd(3, 6))"", ""status"": ""Failed (Planning/State Error)""}, {""name"": ""simple16_7subtasks(dc1, dnc(1, 2))"", ""status"": ""Failed (Planning/State Error)""}]"
86,2135,COMPLETE,2025-05-01T17:07:57.585,2025-05-01T17:30:31.182,1353.597108,3.90350784704108,1.29310713031887,1.33196878204715,3,2,98.9,66.2658703051042,"[{""name"": ""simple4_5subtasks(dc1, dnc2, nd8)"", ""status"": ""Failed (Planning/State Error)""}, {""name"": ""complex1_11subtasks(dc2, dnc2, nd(1, 3, 6))"", ""status"": ""Failed (Planning/State Error)""}, {""name"": ""simple20_9subtasks(dc2, dnc(1, 2))"", ""status"": ""Failed (Planning/State Error)""}]"
89,2099.32,COMPLETE,2025-05-01T17:10:08.269,2025-05-01T17:31:25.434,1277.165183,4.61346069271055,2.59581404436712,0.260356764925899,4,1,,92.0399262938183,"[{""name"": ""simple15_6subtasks(nd1->dnc3, nd(2, 5))"", ""status"": ""Failed (Planning/State Error)""}, {""name"": ""simple9_6subtasks(dc1, dnc2, nd3)"", ""status"": ""Failed (Planning/State Error)""}, {""name"": ""simple12_6subtasks(dc2, dnc2)"", ""status"": ""Failed (No Progress)""}, {""name"": ""complex10_20subtasks(nd7->dc1, dnc1, dnc2, nd1->nd4, nd(2, 3, 5, 6))"", ""status"": ""Failed (Planning/State Error)""}, {""name"": ""simple10_6subtasks(dc1, dnc3, nd3)"", ""status"": ""Failed (Planning/State Error)""}]"
104,3900,PRUNED,2025-05-01T17:28:06.825,2025-05-01T17:32:20.548,253.723285,4.76975247213561,1.14562048153542,0.106106545332755,,,,,[]
106,3900,PRUNED,2025-05-01T17:31:25.688,2025-05-01T17:33:51.828,146.139815,4.17389795051324,0.614196666336246,0.196233758598887,,,,,[]
99,1527.1,COMPLETE,2025-05-01T17:20:55.943,2025-05-01T17:35:03.433,847.490149,3.58554646640689,0.567732511341759,1.74107321573254,4,1,96.8,26.1944408762269,"[{""name"": ""simple4_5subtasks(dc1, dnc2, nd8)"", ""status"": ""Failed (Planning/State Error)""}, {""name"": ""simple6_5subtasks(dnc3, nd(3, 6))"", ""status"": ""Failed (Planning/State Error)""}, {""name"": ""simple20_9subtasks(dc2, dnc(1, 2))"", ""status"": ""Failed (Planning/State Error)""}, {""name"": ""simple5_5subtasks(dc1, nd(3, 5, 6))"", ""status"": ""Failed (Planning/State Error)""}]"
108,3900,PRUNED,2025-05-01T17:33:52.057,2025-05-01T17:36:11.221,139.164397,4.11169390372312,4.02881121029959,0.268779293019757,,,,,[]
94,1546.84,COMPLETE,2025-05-01T17:14:51.725,2025-05-01T17:37:55.176,1383.451282,2.83892815723777,3.50938115521095,1.75223124814015,4,1,91.4,87.2831082498189,"[{""name"": ""simple6_5subtasks(dnc3, nd(3, 6))"", ""status"": ""Failed (Planning/State Error)""}, {""name"": ""simple20_9subtasks(dc2, dnc(1, 2))"", ""status"": ""Failed (Planning/State Error)""}, {""name"": ""complex8_15subtasks(dc1, dnc2, nd1->nd4, nd(2, 3, 5, 6))"", ""status"": ""Failed (Planning/State Error)""}, {""name"": ""simple9_6subtasks(dc1, dnc2, nd3)"", ""status"": ""Failed (Planning/State Error)""}]"
105,3900,PRUNED,2025-05-01T17:30:31.482,2025-05-01T17:39:19.105,527.622678,3.65613103561557,4.06661032441349,0.307316946236524,,,,,[]
111,3900,PRUNED,2025-05-01T17:37:55.473,2025-05-01T17:41:03.808,188.334363,3.38899135385694,0.456002008447865,2.24499462366717,,,,,[]
112,3900,PRUNED,2025-05-01T17:39:19.347,2025-05-01T17:41:51.430,152.083038,3.76134715471811,0.751966911271975,2.56706540655688,,,,,[]
96,2726.92,COMPLETE,2025-05-01T17:16:36.918,2025-05-01T17:42:54.018,1577.099583,2.66523225552831,1.11701323479788,0.821030602781876,2,3,90.4666666666667,88.0372306589969,"[{""name"": ""complex1_11subtasks(dc2, dnc2, nd(1, 3, 6))"", ""status"": ""Failed (Planning/State Error)""}, {""name"": ""simple4_5subtasks(dc1, dnc2, nd8)"", ""status"": ""Failed (Planning/State Error)""}]"
109,1020.5,PRUNED,2025-05-01T17:35:03.789,2025-05-01T17:43:49.913,526.123094,3.53690515071897,0.208754386666453,2.6942502045025,,,,,[]
110,3900,PRUNED,2025-05-01T17:36:11.489,2025-05-01T17:44:42.893,511.403252,2.63026238602618,0.525720803782377,1.35137799554864,,,,,[]
107,2678.06,COMPLETE,2025-05-01T17:32:20.778,2025-05-01T17:45:34.925,794.147604,2.55132733134822,3.62473159564937,1.74495431536209,3,2,45.3,25.0982301851269,"[{""name"": ""simple16_7subtasks(dc1, dnc(1, 2))"", ""status"": ""Failed (Planning/State Error)""}, {""name"": ""simple20_9subtasks(dc2, dnc(1, 2))"", ""status"": ""Failed (Planning/State Error)""}, {""name"": ""complex3_12subtasks(dc1, dnc2, dnc3, nd(2, 3))"", ""status"": ""Failed (Planning/State Error)""}, {""name"": ""simple12_6subtasks(dc2, dnc2)"", ""status"": ""Failed (No Progress)""}]"
103,3305.46,COMPLETE,2025-05-01T17:25:28.513,2025-05-01T17:45:45.877,1217.36397,3.81875411074274,1.2408843283592,0.493082998346467,1,4,78.675,57.404402981326,"[{""name"": ""simple10_6subtasks(dc1, dnc3, nd3)"", ""status"": ""Failed (Planning/State Error)""}]"
115,3900,PRUNED,2025-05-01T17:42:54.273,2025-05-01T17:45:52.436,178.163099,3.22212372888784,1.79376012167049,0.508554512015349,,,,,[]
88,1580.14,COMPLETE,2025-05-01T17:08:47.220,2025-05-01T17:46:11.666,2244.445632,3.75257947417133,0.93110868102487,0.243497492966746,4,1,120.9,156.518637695862,"[{""name"": ""simple16_7subtasks(dc1, dnc(1, 2))"", ""status"": ""Failed (Planning/State Error)""}, {""name"": ""complex1_11subtasks(dc2, dnc2, nd(1, 3, 6))"", ""status"": ""Failed (Planning/State Error)""}, {""name"": ""complex8_15subtasks(dc1, dnc2, nd1->nd4, nd(2, 3, 5, 6))"", ""status"": ""Failed (Planning/State Error)""}, {""name"": ""complex9_17subtasks(dc2, dnc1, dnc2, dnc3, nd(1, 2, 3))"", ""status"": ""Failed (Planning/State Error)""}]"
97,998.34,COMPLETE,2025-05-01T17:16:43.430,2025-05-01T17:50:45.151,2041.721608,3.7422894018661,4.37885173755407,0.148173528695185,5,0,,129.311302997917,"[{""name"": ""complex1_11subtasks(dc2, dnc2, nd(1, 3, 6))"", ""status"": ""Failed (Planning/State Error)""}, {""name"": ""complex8_15subtasks(dc1, dnc2, nd1->nd4, nd(2, 3, 5, 6))"", ""status"": ""Failed (Planning/State Error)""}, {""name"": ""complex6_14subtasks(dc1, dnc1, dnc2, nd(2, 3, 5, 6))"", ""status"": ""Failed (Planning/State Error)""}, {""name"": ""complex5_12subtasks(nd7->dc1, nd(1, 2, 3, 5, 6)"", ""status"": ""Failed (Planning/State Error)""}, {""name"": ""simple9_6subtasks(dc1, dnc2, nd3)"", ""status"": ""Failed (Planning/State Error)""}]"
102,1568.3,COMPLETE,2025-05-01T17:24:11.310,2025-05-01T17:52:02.890,1671.580742,3.65909631015451,3.8249928365574,1.08052006966538,4,1,53.42,117.32461301256,"[{""name"": ""simple20_9subtasks(dc2, dnc(1, 2))"", ""status"": ""Failed (Planning/State Error)""}, {""name"": ""simple18_8subtasks(dc2, dnc2, nd1)"", ""status"": ""Failed (Planning/State Error)""}, {""name"": ""complex10_20subtasks(nd7->dc1, dnc1, dnc2, nd1->nd4, nd(2, 3, 5, 6))"", ""status"": ""Failed (Planning/State Error)""}, {""name"": ""complex1_11subtasks(dc2, dnc2, nd(1, 3, 6))"", ""status"": ""Failed (Planning/State Error)""}]"
119,3900,PRUNED,2025-05-01T17:45:46.341,2025-05-01T17:53:18.149,451.807806,1.46502913056696,2.14115522418895,1.60624763540813,,,,,[]
123,3900,PRUNED,2025-05-01T17:52:03.186,2025-05-01T17:55:03.542,180.355922,1.6494534598277,2.29710190048618,1.70709903106504,,,,,[]
113,1069.4,PRUNED,2025-05-01T17:41:04.056,2025-05-01T17:55:50.357,886.301933,3.18828551644345,2.37191372104678,0.20809916271799,,,,,[]
124,3900,PRUNED,2025-05-01T17:53:18.447,2025-05-01T17:57:38.773,260.325984,3.59471057383801,4.94274672944995,0.20025246412548,,,,,[]
127,3900,PRUNED,2025-05-01T17:57:39.040,2025-05-01T18:00:02.282,143.241786,3.70184871694183,1.88618435933928,4.78601750363672,,,,,[]
118,3900,PRUNED,2025-05-01T17:45:35.223,2025-05-01T18:01:09.978,934.755414,3.88972904569707,1.6687459840509,0.109785001755876,,,,,[]
114,2130.78,COMPLETE,2025-05-01T17:41:51.812,2025-05-01T18:01:41.161,1189.348543,4.07533864226632,0.440761257800407,1.47018229227247,3,2,84.05,45.9585361444391,"[{""name"": ""simple9_6subtasks(dc1, dnc2, nd3)"", ""status"": ""Failed (Planning/State Error)""}, {""name"": ""simple4_5subtasks(dc1, dnc2, nd8)"", ""status"": ""Failed (Planning/State Error)""}, {""name"": ""simple18_8subtasks(dc2, dnc2, nd1)"", ""status"": ""Failed (Planning/State Error)""}]"
125,1020.4,PRUNED,2025-05-01T17:55:03.840,2025-05-01T18:03:34.930,511.090314,3.35893661391596,4.54819403764721,1.14892148966956,,,,,[]
117,1553.1,COMPLETE,2025-05-01T17:44:43.131,2025-05-01T18:06:07.164,1284.032983,3.01816191541049,2.2682559492829,0.233606108003113,4,1,91.4,55.5469275677111,"[{""name"": ""simple13_6subtasks(dnc(2, 3), nd(3, 6))"", ""status"": ""Failed (Planning/State Error)""}, {""name"": ""simple4_5subtasks(dc1, dnc2, nd8)"", ""status"": ""Failed (Planning/State Error)""}, {""name"": ""complex3_12subtasks(dc1, dnc2, dnc3, nd(2, 3))"", ""status"": ""Failed (Planning/State Error)""}, {""name"": ""complex1_11subtasks(dc2, dnc2, nd(1, 3, 6))"", ""status"": ""Failed (Planning/State Error)""}]"
122,1531.3,COMPLETE,2025-05-01T17:50:45.476,2025-05-01T18:08:23.767,1058.290968,3.77862105576019,3.78231289678791,0.0100688410774777,4,1,140.02,57.1620455229655,"[{""name"": ""simple4_5subtasks(dc1, dnc2, nd8)"", ""status"": ""Failed (Planning/State Error)""}, {""name"": ""simple20_9subtasks(dc2, dnc(1, 2))"", ""status"": ""Failed (Planning/State Error)""}, {""name"": ""simple10_6subtasks(dc1, dnc3, nd3)"", ""status"": ""Failed (Planning/State Error)""}, {""name"": ""complex1_11subtasks(dc2, dnc2, nd(1, 3, 6))"", ""status"": ""Failed (Planning/State Error)""}]"
126,1537.62,COMPLETE,2025-05-01T17:55:50.637,2025-05-01T18:11:22.063,931.425281,2.96104725258772,4.89166970264164,0.0647962615559641,4,1,73.5,49.0021323839668,"[{""name"": ""simple20_9subtasks(dc2, dnc(1, 2))"", ""status"": ""Failed (Planning/State Error)""}, {""name"": ""complex6_14subtasks(dc1, dnc1, dnc2, nd(2, 3, 5, 6))"", ""status"": ""Failed (Planning/State Error)""}, {""name"": ""simple8_5subtasks(nd(4, 5, 6))"", ""status"": ""Failed (Planning/State Error)""}, {""name"": ""simple10_6subtasks(dc1, dnc3, nd3)"", ""status"": ""Failed (Planning/State Error)""}]"
120,1559.04,COMPLETE,2025-05-01T17:45:52.687,2025-05-01T18:11:27.755,1535.067436,3.63528913059434,1.56609426649652,0.155332724217967,4,1,91.4,89.7012611985207,"[{""name"": ""simple11_6subtasks(dc1, nd(1, 5))"", ""status"": ""Failed (Planning/State Error)""}, {""name"": ""complex1_11subtasks(dc2, dnc2, nd(1, 3, 6))"", ""status"": ""Failed (Planning/State Error)""}, {""name"": ""simple13_6subtasks(dnc(2, 3), nd(3, 6))"", ""status"": ""Failed (Planning/State Error)""}, {""name"": ""complex8_15subtasks(dc1, dnc2, nd1->nd4, nd(2, 3, 5, 6))"", ""status"": ""Failed (Planning/State Error)""}]"
131,1011.8,PRUNED,2025-05-01T18:03:35.270,2025-05-01T18:11:57.098,501.827609,1.79310112721838,1.37975646903171,0.553221367143968,,,,,[]
121,1560.52,COMPLETE,2025-05-01T17:46:11.968,2025-05-01T18:11:58.760,1546.792029,1.1791531075041,2.03862647038084,0.0646552942472942,4,1,45.3,101.572193512088,"[{""name"": ""simple5_5subtasks(dc1, nd(3, 5, 6))"", ""status"": ""Failed (Planning/State Error)""}, {""name"": ""complex8_15subtasks(dc1, dnc2, nd1->nd4, nd(2, 3, 5, 6))"", ""status"": ""Failed (Planning/State Error)""}, {""name"": ""complex5_12subtasks(nd7->dc1, nd(1, 2, 3, 5, 6)"", ""status"": ""Failed (Planning/State Error)""}, {""name"": ""simple6_5subtasks(dnc3, nd(3, 6))"", ""status"": ""Failed (Planning/State Error)""}]"
128,2078.44,COMPLETE,2025-05-01T18:00:02.618,2025-05-01T18:12:46.297,763.678415,3.07509269745376,3.1754104677469,0.122184230140902,4,1,,44.9199138127267,"[{""name"": ""simple6_5subtasks(dnc3, nd(3, 6))"", ""status"": ""Failed (Planning/State Error)""}, {""name"": ""simple10_6subtasks(dc1, dnc3, nd3)"", ""status"": ""Failed (Planning/State Error)""}, {""name"": ""simple13_6subtasks(dnc(2, 3), nd(3, 6))"", ""status"": ""Failed (Planning/State Error)""}, {""name"": ""simple12_6subtasks(dc2, dnc2)"", ""status"": ""Failed (No Progress)""}, {""name"": ""complex5_12subtasks(nd7->dc1, nd(1, 2, 3, 5, 6)"", ""status"": ""Failed (Planning/State Error)""}]"
129,2717.78,COMPLETE,2025-05-01T18:01:10.265,2025-05-01T18:17:07.529,957.264273,0.287353836624914,2.48136328698696,1.23441703109604,2,3,66.1,29.1785082908813,"[{""name"": ""simple5_5subtasks(dc1, nd(3, 5, 6))"", ""status"": ""Failed (Planning/State Error)""}, {""name"": ""simple16_7subtasks(dc1, dnc(1, 2))"", ""status"": ""Failed (Planning/State Error)""}]"
134,1020.4,PRUNED,2025-05-01T18:11:22.395,2025-05-01T18:19:43.226,500.831712,2.41162265520934,4.87266845403266,0.538234433587896,,,,,[]
135,3900,PRUNED,2025-05-01T18:11:28.113,2025-05-01T18:19:48.922,500.80871,2.8403628285463,4.85406751617833,0.909008703000818,,,,,[]
139,3900,PRUNED,2025-05-01T18:17:07.760,2025-05-01T18:21:12.924,245.164085,3.271674378363,4.64213218372694,0.930043958092366,,,,,[]
116,1567.88,COMPLETE,2025-05-01T17:43:50.282,2025-05-01T18:21:38.993,2268.710461,3.1115831817982,1.27510250900016,0.333661988258388,4,1,153.3,177.262636085786,"[{""name"": ""simple18_8subtasks(dc2, dnc2, nd1)"", ""status"": ""Failed (Planning/State Error)""}, {""name"": ""complex5_12subtasks(nd7->dc1, nd(1, 2, 3, 5, 6)"", ""status"": ""Failed (Planning/State Error)""}, {""name"": ""complex10_20subtasks(nd7->dc1, dnc1, dnc2, nd1->nd4, nd(2, 3, 5, 6))"", ""status"": ""Failed (Planning/State Error)""}, {""name"": ""simple3_5subtasks(dc1 , nd(3, 6))"", ""status"": ""Failed (Planning/State Error)""}]"
130,1539.34,COMPLETE,2025-05-01T18:01:41.391,2025-05-01T18:22:33.531,1252.139466,3.36652357820087,4.0250164105778,0.252758188404885,4,1,120.9,74.5292028322816,"[{""name"": ""simple13_6subtasks(dnc(2, 3), nd(3, 6))"", ""status"": ""Failed (Planning/State Error)""}, {""name"": ""simple18_8subtasks(dc2, dnc2, nd1)"", ""status"": ""Failed (Planning/State Error)""}, {""name"": ""complex8_15subtasks(dc1, dnc2, nd1->nd4, nd(2, 3, 5, 6))"", ""status"": ""Failed (Planning/State Error)""}, {""name"": ""simple8_5subtasks(nd(4, 5, 6))"", ""status"": ""Failed (Planning/State Error)""}]"
132,1546.34,COMPLETE,2025-05-01T18:06:07.433,2025-05-01T18:23:45.732,1058.298738,3.21673667277335,3.61067533502481,0.0681730376188256,4,1,57.4,45.4483870316297,"[{""name"": ""simple4_5subtasks(dc1, dnc2, nd8)"", ""status"": ""Failed (Planning/State Error)""}, {""name"": ""simple13_6subtasks(dnc(2, 3), nd(3, 6))"", ""status"": ""Failed (Planning/State Error)""}, {""name"": ""complex6_14subtasks(dc1, dnc1, dnc2, nd(2, 3, 5, 6))"", ""status"": ""Failed (Planning/State Error)""}, {""name"": ""simple9_6subtasks(dc1, dnc2, nd3)"", ""status"": ""Failed (Planning/State Error)""}]"
133,1539.9,COMPLETE,2025-05-01T18:08:24.097,2025-05-01T18:25:04.004,999.907524,3.28179911473938,4.00567747877842,0.242456437258478,4,1,73.5,48.5087144833524,"[{""name"": ""simple18_8subtasks(dc2, dnc2, nd1)"", ""status"": ""Failed (Planning/State Error)""}, {""name"": ""complex6_14subtasks(dc1, dnc1, dnc2, nd(2, 3, 5, 6))"", ""status"": ""Failed (Planning/State Error)""}, {""name"": ""simple8_5subtasks(nd(4, 5, 6))"", ""status"": ""Failed (Planning/State Error)""}, {""name"": ""simple15_6subtasks(nd1->dnc3, nd(2, 5))"", ""status"": ""Failed (Planning/State Error)""}]"
142,962.9,PRUNED,2025-05-01T18:21:13.248,2025-05-01T18:25:04.226,230.97798,3.27359288085619,4.18909322738873,0.0591583789696477,,,,,[]
136,1068.7,PRUNED,2025-05-01T18:11:57.382,2025-05-01T18:25:45.630,828.248631,2.82306941203945,4.96095673051467,0.337168572803227,,,,,[]
141,3900,PRUNED,2025-05-01T18:19:49.280,2025-05-01T18:26:35.666,406.385873,3.23944826002368,4.11169012029629,0.0291280850855694,,,,,[]
143,997.5,PRUNED,2025-05-01T18:21:39.287,2025-05-01T18:27:33.310,354.023058,4.20929157209315,4.9275162158516,0.115799230155173,,,,,[]
144,997.5,PRUNED,2025-05-01T18:22:33.822,2025-05-01T18:28:20.970,347.148019,2.94582996479301,3.97227381558579,0.0718519779588184,,,,,[]
151,6600,PRUNED,2025-05-01T18:28:21.219,2025-05-01T18:28:25.536,4.317192,3.8758011075948,3.49368208556735,0.156357231407859,,,,,[]
147,3900,PRUNED,2025-05-01T18:25:04.549,2025-05-01T18:31:55.926,411.376304,4.78625884134883,3.85343299558791,0.772818359496936,,,,,[]
137,1555.94,COMPLETE,2025-05-01T18:11:59.049,2025-05-01T18:32:05.049,1205.999684,2.56462193636662,4.86985207554124,0.751139875062888,4,1,45.3,54.3431573125068,"[{""name"": ""simple16_7subtasks(dc1, dnc(1, 2))"", ""status"": ""Failed (Planning/State Error)""}, {""name"": ""simple20_9subtasks(dc2, dnc(1, 2))"", ""status"": ""Failed (Planning/State Error)""}, {""name"": ""complex5_12subtasks(nd7->dc1, nd(1, 2, 3, 5, 6)"", ""status"": ""Failed (Planning/State Error)""}, {""name"": ""complex2_11subtasks(dc2, nd(1, 3, 5, 6))"", ""status"": ""Failed (Planning/State Error)""}]"
148,1022.1,PRUNED,2025-05-01T18:25:45.933,2025-05-01T18:33:51.700,485.766821,4.14658450981135,3.98028228849794,0.459029626094784,,,,,[]
145,1528.56,COMPLETE,2025-05-01T18:23:45.996,2025-05-01T18:34:24.973,638.977255,2.8901109262065,3.9115618837268,0.188193649714883,4,1,56.6,11.3077127308119,"[{""name"": ""simple20_9subtasks(dc2, dnc(1, 2))"", ""status"": ""Failed (Planning/State Error)""}, {""name"": ""simple2_4subtasks(dnc2,  nd(3, 4))"", ""status"": ""Failed (Planning/State Error)""}, {""name"": ""simple5_5subtasks(dc1, nd(3, 5, 6))"", ""status"": ""Failed (Planning/State Error)""}, {""name"": ""simple18_8subtasks(dc2, dnc2, nd1)"", ""status"": ""Failed (Planning/State Error)""}]"
140,2122.78,COMPLETE,2025-05-01T18:19:43.525,2025-05-01T18:34:56.647,913.121491,2.8940131014971,4.08269467603431,0.260117246479396,3,2,83.1,22.4935760680586,"[{""name"": ""simple4_5subtasks(dc1, dnc2, nd8)"", ""status"": ""Failed (Planning/State Error)""}, {""name"": ""simple3_5subtasks(dc1 , nd(3, 6))"", ""status"": ""Failed (Planning/State Error)""}, {""name"": ""simple9_6subtasks(dc1, dnc2, nd3)"", ""status"": ""Failed (Planning/State Error)""}]"
150,1011,PRUNED,2025-05-01T18:27:33.653,2025-05-01T18:35:23.455,469.801182,4.38097704655736,3.59938897297772,0.273123515425136,,,,,[]
153,962.9,PRUNED,2025-05-01T18:31:56.249,2025-05-01T18:35:48.013,231.763977,3.06168333362668,4.66198007425485,0.103836021157314,,,,,[]
154,962.9,PRUNED,2025-05-01T18:32:05.400,2025-05-01T18:35:53.555,228.154362,2.545283397157,4.15000629502056,0.052928907836593,,,,,[]
158,3900,PRUNED,2025-05-01T18:35:23.814,2025-05-01T18:38:05.504,161.690109,4.8871118157054,4.6894954795607,3.54049049676737,,,,,[]
161,1007.5,PRUNED,2025-05-01T18:38:05.772,2025-05-01T18:45:14.398,428.625339,3.29806237058347,3.96392249967775,0.766010256611763,,,,,[]
138,2150.8,COMPLETE,2025-05-01T18:12:46.560,2025-05-01T18:45:31.224,1964.663903,2.45251564935004,4.56438666942647,0.20751432578179,3,2,113.4,131.193411352858,"[{""name"": ""simple18_8subtasks(dc2, dnc2, nd1)"", ""status"": ""Failed (Planning/State Error)""}, {""name"": ""complex7_14subtasks(dc1, dnc1, dnc3,  nd(1, 3, 5, 6))"", ""status"": ""Failed (Planning/State Error)""}, {""name"": ""complex5_12subtasks(nd7->dc1, nd(1, 2, 3, 5, 6)"", ""status"": ""Failed (Planning/State Error)""}]"
146,3309.1,COMPLETE,2025-05-01T18:25:04.273,2025-05-01T18:46:59.250,1314.977726,4.50055943111502,3.43744665600277,0.663572484939458,1,4,80.625,62.4087857135572,"[{""name"": ""simple15_6subtasks(nd1->dnc3, nd(2, 5))"", ""status"": ""Failed (Planning/State Error)""}]"
155,1539.44,COMPLETE,2025-05-01T18:33:52.017,2025-05-01T18:50:35.534,1003.516817,3.75155718827847,3.64000379105886,0.153889038888634,4,1,56.6,55.1826795918867,"[{""name"": ""simple6_5subtasks(dnc3, nd(3, 6))"", ""status"": ""Failed (Planning/State Error)""}, {""name"": ""complex6_14subtasks(dc1, dnc1, dnc2, nd(2, 3, 5, 6))"", ""status"": ""Failed (Planning/State Error)""}, {""name"": ""simple20_9subtasks(dc2, dnc(1, 2))"", ""status"": ""Failed (Planning/State Error)""}, {""name"": ""simple15_6subtasks(nd1->dnc3, nd(2, 5))"", ""status"": ""Failed (Planning/State Error)""}]"
164,3900,PRUNED,2025-05-01T18:46:59.589,2025-05-01T18:51:23.732,264.142763,3.53427750196635,3.87391414158762,0.237741711322716,,,,,[]
165,951.3,PRUNED,2025-05-01T18:50:36.035,2025-05-01T18:53:30.983,174.947824,1.775405578424,3.51483195899538,0.541077526226193,,,,,[]
162,1011.8,PRUNED,2025-05-01T18:45:14.725,2025-05-01T18:53:47.606,512.8809,1.85565821219213,3.89130382120331,0.134314470990271,,,,,[]
166,3900,PRUNED,2025-05-01T18:51:24.049,2025-05-01T18:53:57.082,153.032922,0.43709704036947,2.90196253850559,0.160392992237847,,,,,[]
152,2149.32,COMPLETE,2025-05-01T18:28:25.858,2025-05-01T18:54:30.385,1564.527336,4.49553275565931,3.9183339545256,0.816475424147547,3,2,74.7,98.4238778281957,"[{""name"": ""simple10_6subtasks(dc1, dnc3, nd3)"", ""status"": ""Failed (Planning/State Error)""}, {""name"": ""complex7_14subtasks(dc1, dnc1, dnc3,  nd(1, 3, 5, 6))"", ""status"": ""Failed (Planning/State Error)""}, {""name"": ""complex3_12subtasks(dc1, dnc2, dnc3, nd(2, 3))"", ""status"": ""Failed (Planning/State Error)""}]"
160,2131.8,COMPLETE,2025-05-01T18:35:53.916,2025-05-01T18:55:00.152,1146.23598,2.66607224920088,3.64869834297455,0.878207500767395,3,2,58.65,74.4270584823098,"[{""name"": ""simple16_7subtasks(dc1, dnc(1, 2))"", ""status"": ""Failed (Planning/State Error)""}, {""name"": ""simple6_5subtasks(dnc3, nd(3, 6))"", ""status"": ""Failed (Planning/State Error)""}, {""name"": ""complex7_14subtasks(dc1, dnc1, dnc3,  nd(1, 3, 5, 6))"", ""status"": ""Failed (Planning/State Error)""}]"
169,954.9,PRUNED,2025-05-01T18:53:57.358,2025-05-01T18:57:01.032,183.67382,3.0157305454029,3.37062759913428,1.10361404164051,,,,,[]
149,1566.24,COMPLETE,2025-05-01T18:26:35.943,2025-05-01T18:58:00.306,1884.363078,4.6495339976665,3.58447889351286,0.39673581719133,4,1,73.5,153.58500240678,"[{""name"": ""simple6_5subtasks(dnc3, nd(3, 6))"", ""status"": ""Failed (Planning/State Error)""}, {""name"": ""complex8_15subtasks(dc1, dnc2, nd1->nd4, nd(2, 3, 5, 6))"", ""status"": ""Failed (Planning/State Error)""}, {""name"": ""complex10_20subtasks(nd7->dc1, dnc1, dnc2, nd1->nd4, nd(2, 3, 5, 6))"", ""status"": ""Failed (Planning/State Error)""}, {""name"": ""simple10_6subtasks(dc1, dnc3, nd3)"", ""status"": ""Failed (Planning/State Error)""}]"
159,955.6,COMPLETE,2025-05-01T18:35:48.265,2025-05-01T18:58:47.109,1378.843339,1.19587167157709,3.34095646312117,0.19100722990234,5,0,,110.099473192031,"[{""name"": ""simple6_5subtasks(dnc3, nd(3, 6))"", ""status"": ""Failed (Planning/State Error)""}, {""name"": ""complex10_20subtasks(nd7->dc1, dnc1, dnc2, nd1->nd4, nd(2, 3, 5, 6))"", ""status"": ""Failed (Planning/State Error)""}, {""name"": ""simple8_5subtasks(nd(4, 5, 6))"", ""status"": ""Failed (Planning/State Error)""}, {""name"": ""simple13_6subtasks(dnc(2, 3), nd(3, 6))"", ""status"": ""Failed (Planning/State Error)""}, {""name"": ""simple4_5subtasks(dc1, dnc2, nd8)"", ""status"": ""Failed (Planning/State Error)""}]"
156,2697.92,COMPLETE,2025-05-01T18:34:25.338,2025-05-01T19:01:46.723,1641.385206,2.48072190678053,3.97504593977759,0.167266890088563,3,2,56.6,132.341146703018,"[{""name"": ""simple3_5subtasks(dc1 , nd(3, 6))"", ""status"": ""Failed (Planning/State Error)""}, {""name"": ""complex7_14subtasks(dc1, dnc1, dnc3,  nd(1, 3, 5, 6))"", ""status"": ""Failed (Planning/State Error)""}, {""name"": ""simple12_6subtasks(dc2, dnc2)"", ""status"": ""Failed (No Progress)""}, {""name"": ""complex10_20subtasks(nd7->dc1, dnc1, dnc2, nd1->nd4, nd(2, 3, 5, 6))"", ""status"": ""Failed (Planning/State Error)""}]"
172,3900,PRUNED,2025-05-01T18:57:01.349,2025-05-01T19:03:07.521,366.172088,3.74427955910638,4.05903445689303,0.291017786692102,,,,,[]
170,1011.8,PRUNED,2025-05-01T18:54:30.652,2025-05-01T19:03:37.159,546.506965,3.63247470666949,3.26273332660459,1.08039599023002,,,,,[]
174,985.5,PRUNED,2025-05-01T18:58:47.405,2025-05-01T19:04:54.462,367.056486,0.523172261351572,4.53027740019805,0.197295903804304,,,,,[]
175,951.3,PRUNED,2025-05-01T19:01:47.047,2025-05-01T19:05:03.536,196.488778,1.34061112701912,3.6435229902438,0.90363476596156,,,,,[]
176,3900,PRUNED,2025-05-01T19:03:07.846,2025-05-01T19:06:11.024,183.178495,2.61680579851198,3.70184427212303,3.63437428413882,,,,,[]
177,3900,PRUNED,2025-05-01T19:03:37.402,2025-05-01T19:07:30.165,232.762554,4.15541158382766,2.24663677930108,0.0213763378029047,,,,,[]
168,1070.1,PRUNED,2025-05-01T18:53:47.945,2025-05-01T19:07:47.581,839.635689,3.55903407999069,3.53893822167781,1.0561301363299,,,,,[]
179,951.3,PRUNED,2025-05-01T19:05:03.804,2025-05-01T19:08:22.503,198.699907,3.26295778616344,0.694164600608242,1.47727659071436,,,,,[]
183,6600,PRUNED,2025-05-01T19:08:22.849,2025-05-01T19:08:27.303,4.453396,2.85704188698978,0.827362410683368,0.14627194035813,,,,,[]
163,2130.44,COMPLETE,2025-05-01T18:45:31.537,2025-05-01T19:09:46.243,1454.706399,2.9477058281203,3.37611756165465,0.277092371544134,3,2,100.2,90.2695627072826,"[{""name"": ""simple13_6subtasks(dnc(2, 3), nd(3, 6))"", ""status"": ""Failed (Planning/State Error)""}, {""name"": ""simple5_5subtasks(dc1, nd(3, 5, 6))"", ""status"": ""Failed (Planning/State Error)""}, {""name"": ""simple19_9subtasks(dc1, nd(1, 3, 5, 6))"", ""status"": ""Failed (Planning/State Error)""}]"
173,1526.18,COMPLETE,2025-05-01T18:58:00.569,2025-05-01T19:10:53.389,772.820307,4.97495526021354,2.14221912901628,0.0613311169613493,4,1,95.2,30.5206638249103,"[{""name"": ""simple10_6subtasks(dc1, dnc3, nd3)"", ""status"": ""Failed (Planning/State Error)""}, {""name"": ""complex1_11subtasks(dc2, dnc2, nd(1, 3, 6))"", ""status"": ""Failed (Planning/State Error)""}, {""name"": ""simple20_9subtasks(dc2, dnc(1, 2))"", ""status"": ""Failed (Planning/State Error)""}, {""name"": ""simple6_5subtasks(dnc3, nd(3, 6))"", ""status"": ""Failed (Planning/State Error)""}]"
180,983.2,PRUNED,2025-05-01T19:06:11.345,2025-05-01T19:11:43.251,331.905779,1.65577557405265,2.86334685567015,0.0571249410917011,,,,,[]
185,3900,PRUNED,2025-05-01T19:09:46.556,2025-05-01T19:12:28.278,161.721428,0.816807287983802,3.34609746599648,0.698773325694778,,,,,[]
157,2726.58,COMPLETE,2025-05-01T18:34:57.153,2025-05-01T19:12:38.860,2261.70666,3.88220452979996,4.30821621802045,0.0237312528562575,2,3,131.34,165.113234172296,"[{""name"": ""simple11_6subtasks(dc1, nd(1, 5))"", ""status"": ""Failed (Planning/State Error)""}, {""name"": ""complex7_14subtasks(dc1, dnc1, dnc3,  nd(1, 3, 5, 6))"", ""status"": ""Failed (Planning/State Error)""}]"
181,3900,PRUNED,2025-05-01T19:07:30.437,2025-05-01T19:12:48.543,318.105125,2.66429632610305,1.17289883526014,0.142698910734696,,,,,[]
182,981.1,PRUNED,2025-05-01T19:07:47.862,2025-05-01T19:13:18.721,330.859249,1.1854772520841,3.06661544284851,0.649260134679429,,,,,[]
186,954.9,PRUNED,2025-05-01T19:10:53.658,2025-05-01T19:13:53.337,179.678912,4.73367581044126,2.49654288483377,0.450477221918221,,,,,[]
184,998.2,PRUNED,2025-05-01T19:08:27.573,2025-05-01T19:14:59.849,392.275818,3.14093973957564,3.17427489576606,0.232285285147588,,,,,[]
178,3900,PRUNED,2025-05-01T19:04:54.812,2025-05-01T19:15:44.839,650.02653,1.41895254158782,2.76715192002969,0.155274969728642,,,,,[]
167,2731,COMPLETE,2025-05-01T18:53:31.240,2025-05-01T19:19:04.484,1533.24416,4.70910946868284,1.55994136790823,0.0113874998687796,2,3,75.1333333333333,89.3696484641172,"[{""name"": ""simple8_5subtasks(nd(4, 5, 6))"", ""status"": ""Failed (Planning/State Error)""}, {""name"": ""complex8_15subtasks(dc1, dnc2, nd1->nd4, nd(2, 3, 5, 6))"", ""status"": ""Failed (Planning/State Error)""}]"
195,6600,PRUNED,2025-05-01T19:19:04.745,2025-05-01T19:19:10.256,5.51063,4.89814895762837,1.97621516009424,0.194449186003129,,,,,[]
189,1020.4,PRUNED,2025-05-01T19:12:39.125,2025-05-01T19:21:01.792,502.666727,4.81663294502762,1.96215926053884,0.89560145384239,,,,,[]
192,1011.8,PRUNED,2025-05-01T19:13:53.582,2025-05-01T19:21:59.678,486.096243,4.88445138370671,2.09987556415159,0.343617946753772,,,,,[]
171,2734.24,COMPLETE,2025-05-01T18:55:00.412,2025-05-01T19:22:14.038,1633.625409,4.10948397472999,2.97427830324047,0.0350130070424075,2,3,81.24,92.1815384348389,"[{""name"": ""simple20_9subtasks(dc2, dnc(1, 2))"", ""status"": ""Failed (Planning/State Error)""}, {""name"": ""complex8_15subtasks(dc1, dnc2, nd1->nd4, nd(2, 3, 5, 6))"", ""status"": ""Failed (Planning/State Error)""}]"
190,1027.3,PRUNED,2025-05-01T19:12:48.799,2025-05-01T19:23:03.593,614.793831,4.61248455991938,1.5575169795204,0.473805066276852,,,,,[]
194,3900,PRUNED,2025-05-01T19:15:45.153,2025-05-01T19:23:15.448,450.294434,4.58842884719224,1.85919133739044,0.192218008567391,,,,,[]
193,1041.2,PRUNED,2025-05-01T19:15:00.078,2025-05-01T19:25:36.476,636.397648,4.82397416824379,1.25160040195255,0.0192030251030638,,,,,[]
197,983.3,PRUNED,2025-05-01T19:21:02.131,2025-05-01T19:25:45.589,283.45807,3.62256895817996,3.89587367180909,0.70449412703368,,,,,[]
201,954.9,PRUNED,2025-05-01T19:23:15.690,2025-05-01T19:26:13.642,177.951886,2.7753724582697,1.87493337954056,2.28674331032529,,,,,[]
198,3900,PRUNED,2025-05-01T19:21:59.914,2025-05-01T19:27:22.275,322.361228,3.74269390147947,3.03669080472485,0.478031773166075,,,,,[]
202,3900,PRUNED,2025-05-01T19:25:36.738,2025-05-01T19:28:05.831,149.093291,2.52824248026663,2.52675494383404,1.25973841662418,,,,,[]
200,983.3,PRUNED,2025-05-01T19:23:03.933,2025-05-01T19:28:26.550,322.616981,2.19979871077741,2.76429065887124,0.881554271489145,,,,,[]
196,1027.3,PRUNED,2025-05-01T19:19:10.553,2025-05-01T19:29:23.508,612.955396,4.96230825635215,1.57329138205444,0.524361221469051,,,,,[]
205,962.9,PRUNED,2025-05-01T19:27:22.572,2025-05-01T19:31:17.953,235.38123,2.47503889343248,3.41691156511076,0.0180544953860079,,,,,[]
203,2653.12,COMPLETE,2025-05-01T19:25:45.897,2025-05-01T19:32:40.331,414.433697,2.56054261485258,3.59700946857823,0.0347982769822747,3,2,57.4,6.58896325267851,"[{""name"": ""simple6_5subtasks(dnc3, nd(3, 6))"", ""status"": ""Failed (Planning/State Error)""}, {""name"": ""simple12_6subtasks(dc2, dnc2)"", ""status"": ""Failed (No Progress)""}, {""name"": ""simple5_5subtasks(dc1, nd(3, 5, 6))"", ""status"": ""Failed (Planning/State Error)""}, {""name"": ""simple11_6subtasks(dc1, nd(1, 5))"", ""status"": ""Failed (Planning/State Error)""}]"
199,1519.5,COMPLETE,2025-05-01T19:22:14.305,2025-05-01T19:35:08.645,774.339819,3.64826156818987,4.73554207077155,0.0573397071080602,4,1,120.9,31.1128053230233,"[{""name"": ""simple8_5subtasks(nd(4, 5, 6))"", ""status"": ""Failed (Planning/State Error)""}, {""name"": ""simple6_5subtasks(dnc3, nd(3, 6))"", ""status"": ""Failed (Planning/State Error)""}, {""name"": ""simple20_9subtasks(dc2, dnc(1, 2))"", ""status"": ""Failed (Planning/State Error)""}, {""name"": ""simple16_7subtasks(dc1, dnc(1, 2))"", ""status"": ""Failed (Planning/State Error)""}]"
191,2101.9,COMPLETE,2025-05-01T19:13:19.039,2025-05-01T19:35:18.978,1319.939541,4.62927861320319,2.24014778483045,0.0350582268636851,4,1,,88.30448024855,"[{""name"": ""simple10_6subtasks(dc1, dnc3, nd3)"", ""status"": ""Failed (Planning/State Error)""}, {""name"": ""simple12_6subtasks(dc2, dnc2)"", ""status"": ""Failed (No Progress)""}, {""name"": ""simple20_9subtasks(dc2, dnc(1, 2))"", ""status"": ""Failed (Planning/State Error)""}, {""name"": ""complex6_14subtasks(dc1, dnc1, dnc2, nd(2, 3, 5, 6))"", ""status"": ""Failed (Planning/State Error)""}, {""name"": ""complex8_15subtasks(dc1, dnc2, nd1->nd4, nd(2, 3, 5, 6))"", ""status"": ""Failed (Planning/State Error)""}]"
210,3900,PRUNED,2025-05-01T19:32:40.651,2025-05-01T19:35:35.904,175.252817,1.43782355805416,0.976585015939915,0.181696183034459,,,,,[]
207,1020.4,PRUNED,2025-05-01T19:28:26.800,2025-05-01T19:36:14.791,467.991429,2.46939040963046,2.80808549859069,0.404423657174605,,,,,[]
209,3900,PRUNED,2025-05-01T19:31:18.256,2025-05-01T19:36:28.378,310.121507,3.42784491498447,4.12272985985556,0.321744413951015,,,,,[]
215,6600,PRUNED,2025-05-01T19:36:28.638,2025-05-01T19:36:32.843,4.204958,3.95002022841618,4.2879067511026,0.022138692910591,,,,,[]
212,951.3,PRUNED,2025-05-01T19:35:19.288,2025-05-01T19:38:12.637,173.349384,3.959392489589,4.57956100045515,0.535084883766224,,,,,[]
188,2147.34,COMPLETE,2025-05-01T19:12:28.569,2025-05-01T19:38:51.516,1582.947227,4.86333873975327,1.75031851197889,0.366548046241222,3,2,92.4,87.2316940075718,"[{""name"": ""simple18_8subtasks(dc2, dnc2, nd1)"", ""status"": ""Failed (Planning/State Error)""}, {""name"": ""simple2_4subtasks(dnc2,  nd(3, 4))"", ""status"": ""Failed (Planning/State Error)""}, {""name"": ""complex10_20subtasks(nd7->dc1, dnc1, dnc2, nd1->nd4, nd(2, 3, 5, 6))"", ""status"": ""Failed (Planning/State Error)""}]"
211,984.5,PRUNED,2025-05-01T19:35:08.924,2025-05-01T19:39:57.434,288.510184,3.38348836193772,4.69618426493588,0.23542341374478,,,,,[]
219,6600,PRUNED,2025-05-01T19:39:57.693,2025-05-01T19:40:03.116,5.423592,3.9456169127092,4.85223963640225,0.0166991762715115,,,,,[]
204,2127.24,COMPLETE,2025-05-01T19:26:13.903,2025-05-01T19:41:18.252,904.34919,2.56534398665776,2.95150430439381,0.530707548750852,3,2,65.75,25.4554393957835,"[{""name"": ""simple6_5subtasks(dnc3, nd(3, 6))"", ""status"": ""Failed (Planning/State Error)""}, {""name"": ""simple9_6subtasks(dc1, dnc2, nd3)"", ""status"": ""Failed (Planning/State Error)""}, {""name"": ""simple19_9subtasks(dc1, nd(1, 3, 5, 6))"", ""status"": ""Failed (Planning/State Error)""}]"
206,3308.56,COMPLETE,2025-05-01T19:28:06.476,2025-05-01T19:41:42.877,816.401462,2.34512983304982,3.02165865500082,1.06921771009195,1,4,54.455,17.0620913746767,"[{""name"": ""simple16_7subtasks(dc1, dnc(1, 2))"", ""status"": ""Failed (Planning/State Error)""}]"
208,1538.14,COMPLETE,2025-05-01T19:29:23.821,2025-05-01T19:42:50.137,806.316912,0.112199708745696,2.3694062736019,0.543600937950397,4,1,61.7,11.6654976393096,"[{""name"": ""simple20_9subtasks(dc2, dnc(1, 2))"", ""status"": ""Failed (Planning/State Error)""}, {""name"": ""simple9_6subtasks(dc1, dnc2, nd3)"", ""status"": ""Failed (Planning/State Error)""}, {""name"": ""simple11_6subtasks(dc1, nd(1, 5))"", ""status"": ""Failed (Planning/State Error)""}, {""name"": ""simple4_5subtasks(dc1, dnc2, nd8)"", ""status"": ""Failed (Planning/State Error)""}]"
220,3900,PRUNED,2025-05-01T19:40:03.391,2025-05-01T19:43:01.123,177.732845,0.34216263528804,1.82684180624041,0.45639924207065,,,,,[]
222,3900,PRUNED,2025-05-01T19:41:43.154,2025-05-01T19:44:20.204,157.050205,0.422882951018839,2.27906968393478,0.57901629731377,,,,,[]
218,1027.3,PRUNED,2025-05-01T19:38:51.730,2025-05-01T19:47:12.836,501.106282,3.56896708078901,3.94538977748175,0.22811415803004,,,,,[]
187,1584.8,COMPLETE,2025-05-01T19:11:43.592,2025-05-01T19:48:27.837,2204.244256,4.8818540869361,1.36816037123273,0.30061455632756,4,1,120.9,137.731645724177,"[{""name"": ""simple15_6subtasks(nd1->dnc3, nd(2, 5))"", ""status"": ""Failed (Planning/State Error)""}, {""name"": ""complex9_17subtasks(dc2, dnc1, dnc2, dnc3, nd(1, 2, 3))"", ""status"": ""Failed (Planning/State Error)""}, {""name"": ""complex5_12subtasks(nd7->dc1, nd(1, 2, 3, 5, 6)"", ""status"": ""Failed (Planning/State Error)""}, {""name"": ""complex6_14subtasks(dc1, dnc1, dnc2, nd(2, 3, 5, 6))"", ""status"": ""Failed (Planning/State Error)""}]"
216,1534.62,COMPLETE,2025-05-01T19:36:33.286,2025-05-01T19:48:40.802,727.516168,3.50418309664447,4.9872895923871,0.391066666482804,4,1,56.4,23.5840669859666,"[{""name"": ""simple8_5subtasks(nd(4, 5, 6))"", ""status"": ""Failed (Planning/State Error)""}, {""name"": ""simple10_6subtasks(dc1, dnc3, nd3)"", ""status"": ""Failed (Planning/State Error)""}, {""name"": ""complex1_11subtasks(dc2, dnc2, nd(1, 3, 6))"", ""status"": ""Failed (Planning/State Error)""}, {""name"": ""simple15_6subtasks(nd1->dnc3, nd(2, 5))"", ""status"": ""Failed (Planning/State Error)""}]"
226,957.9,PRUNED,2025-05-01T19:47:13.190,2025-05-01T19:50:21.055,187.865036,0.174909742294069,3.46231544138257,1.48459196818494,,,,,[]
213,2723.9,COMPLETE,2025-05-01T19:35:36.213,2025-05-01T19:51:05.030,928.817044,3.66844577662393,4.95508649666195,1.06974926844525,2,3,51.04,39.3003159086686,"[{""name"": ""simple6_5subtasks(dnc3, nd(3, 6))"", ""status"": ""Failed (Planning/State Error)""}, {""name"": ""complex7_14subtasks(dc1, dnc1, dnc3,  nd(1, 3, 5, 6))"", ""status"": ""Failed (Planning/State Error)""}]"
217,1069.7,PRUNED,2025-05-01T19:38:12.869,2025-05-01T19:51:05.340,772.470515,3.36810898269853,3.86615030512181,0.597760545385995,,,,,[]
223,1026.9,PRUNED,2025-05-01T19:42:50.357,2025-05-01T19:51:05.887,495.529259,0.224012655380635,2.24197290486638,0.367908549821341,,,,,[]
225,3900,PRUNED,2025-05-01T19:44:20.490,2025-05-01T19:51:44.187,443.697608,0.295394153647463,3.52299128785905,0.410519784195484,,,,,[]
228,983.3,PRUNED,2025-05-01T19:48:41.091,2025-05-01T19:53:41.348,300.257097,4.73340661530268,1.49472420740266,2.44906860705824,,,,,[]
227,988.9,PRUNED,2025-05-01T19:48:28.143,2025-05-01T19:53:54.305,326.162542,0.329000931737484,2.62451947673674,0.704807895260969,,,,,[]
231,3900,PRUNED,2025-05-01T19:51:05.762,2025-05-01T19:54:08.438,182.676202,1.54941950714661,1.34327350550105,3.45007450502365,,,,,[]
232,3900,PRUNED,2025-05-01T19:51:06.386,2025-05-01T19:54:09.332,182.946513,0.361393268831444,1.78858951564317,1.4077206587755,,,,,[]
234,947.7,PRUNED,2025-05-01T19:53:41.849,2025-05-01T19:56:04.094,142.244965,4.3145878998723,0.775650760474559,1.84772097708308,,,,,[]
235,3900,PRUNED,2025-05-01T19:53:54.653,2025-05-01T19:56:10.995,136.341548,0.109595799386805,1.36219591468713,1.04725266766598,,,,,[]
229,3900,PRUNED,2025-05-01T19:50:21.388,2025-05-01T19:56:40.108,378.720014,0.193539141297747,2.47235090742319,0.426322192259404,,,,,[]
237,951.3,PRUNED,2025-05-01T19:54:09.687,2025-05-01T19:57:10.919,181.232009,1.21837436302526,3.52032401324316,0.0502575203346149,,,,,[]
214,2734.56,COMPLETE,2025-05-01T19:36:15.020,2025-05-01T19:58:36.976,1341.955792,4.25879986040058,4.73443622374868,0.844555178845629,2,3,75.5333333333333,56.1554968524259,"[{""name"": ""simple20_9subtasks(dc2, dnc(1, 2))"", ""status"": ""Failed (Planning/State Error)""}, {""name"": ""complex8_15subtasks(dc1, dnc2, nd1->nd4, nd(2, 3, 5, 6))"", ""status"": ""Failed (Planning/State Error)""}]"
233,1038.2,PRUNED,2025-05-01T19:51:44.451,2025-05-01T20:00:22.827,518.375914,3.6697920239037,4.76542597796477,0.209456184589207,,,,,[]
242,3900,PRUNED,2025-05-01T19:58:37.239,2025-05-01T20:01:02.196,144.95632,1.78422374460593,0.328803633856984,0.495832251646105,,,,,[]
239,1002.3,PRUNED,2025-05-01T19:56:11.225,2025-05-01T20:01:50.935,339.709077,3.40307549546508,4.94585411170762,0.487241256177148,,,,,[]
240,3900,PRUNED,2025-05-01T19:56:40.434,2025-05-01T20:03:02.502,382.068157,3.22126850961535,4.75667126371429,0.0557269453690892,,,,,[]
243,951.3,PRUNED,2025-05-01T20:00:23.088,2025-05-01T20:03:27.411,184.323661,2.78684828662217,4.17651982874388,0.609906269898722,,,,,[]
221,1552.6,COMPLETE,2025-05-01T19:41:18.493,2025-05-01T20:03:44.412,1345.918885,2.01348255512997,0.988027246981675,0.0813472128091736,4,1,120.9,54.2573037352413,"[{""name"": ""simple11_6subtasks(dc1, nd(1, 5))"", ""status"": ""Failed (Planning/State Error)""}, {""name"": ""simple4_5subtasks(dc1, dnc2, nd8)"", ""status"": ""Failed (Planning/State Error)""}, {""name"": ""complex8_15subtasks(dc1, dnc2, nd1->nd4, nd(2, 3, 5, 6))"", ""status"": ""Failed (Planning/State Error)""}, {""name"": ""simple13_6subtasks(dnc(2, 3), nd(3, 6))"", ""status"": ""Failed (Planning/State Error)""}]"
245,3900,PRUNED,2025-05-01T20:01:51.181,2025-05-01T20:08:15.718,384.537085,3.76233745962297,3.137148040005,0.0582032938428037,,,,,[]
236,2117.26,COMPLETE,2025-05-01T19:54:08.690,2025-05-01T20:10:17.269,968.579006,2.70026467709278,3.83294102592925,0.870147369168309,3,2,107.35,36.0182736377232,"[{""name"": ""simple6_5subtasks(dnc3, nd(3, 6))"", ""status"": ""Failed (Planning/State Error)""}, {""name"": ""simple4_5subtasks(dc1, dnc2, nd8)"", ""status"": ""Failed (Planning/State Error)""}, {""name"": ""simple10_6subtasks(dc1, dnc3, nd3)"", ""status"": ""Failed (Planning/State Error)""}]"
247,1011.8,PRUNED,2025-05-01T20:03:27.713,2025-05-01T20:11:14.583,466.869451,2.22991506329039,1.81981018899689,0.628268215229357,,,,,[]
224,2166.7,COMPLETE,2025-05-01T19:43:01.462,2025-05-01T20:11:22.514,1701.052181,0.205000471823531,2.41074480978577,0.574413173111994,3,2,60.15,92.7210424493067,"[{""name"": ""simple10_6subtasks(dc1, dnc3, nd3)"", ""status"": ""Failed (Planning/State Error)""}, {""name"": ""complex6_14subtasks(dc1, dnc1, dnc2, nd(2, 3, 5, 6))"", ""status"": ""Failed (Planning/State Error)""}, {""name"": ""complex10_20subtasks(nd7->dc1, dnc1, dnc2, nd1->nd4, nd(2, 3, 5, 6))"", ""status"": ""Failed (Planning/State Error)""}]"
252,6600,PRUNED,2025-05-01T20:11:22.875,2025-05-01T20:11:28.401,5.525248,3.11051949301484,3.63046723119141,0.0873271045315568,,,,,[]
248,1031.5,PRUNED,2025-05-01T20:03:44.692,2025-05-01T20:11:52.718,488.025729,0.49976577447853,3.27424583203788,4.53937742017635,,,,,[]
244,2113.92,COMPLETE,2025-05-01T20:01:02.544,2025-05-01T20:13:45.579,763.035139,2.70873386558355,1.79662739269803,0.14694733300692,3,2,82.45,27.7673666247632,"[{""name"": ""simple5_5subtasks(dc1, nd(3, 5, 6))"", ""status"": ""Failed (Planning/State Error)""}, {""name"": ""simple3_5subtasks(dc1 , nd(3, 6))"", ""status"": ""Failed (Planning/State Error)""}, {""name"": ""simple18_8subtasks(dc2, dnc2, nd1)"", ""status"": ""Failed (Planning/State Error)""}]"
241,958.74,COMPLETE,2025-05-01T19:57:11.178,2025-05-01T20:13:48.362,997.18389,2.98920917141978,4.94129602119013,0.410312954322684,5,0,,39.2654533598106,"[{""name"": ""simple16_7subtasks(dc1, dnc(1, 2))"", ""status"": ""Failed (Planning/State Error)""}, {""name"": ""complex1_11subtasks(dc2, dnc2, nd(1, 3, 6))"", ""status"": ""Failed (Planning/State Error)""}, {""name"": ""simple20_9subtasks(dc2, dnc(1, 2))"", ""status"": ""Failed (Planning/State Error)""}, {""name"": ""simple6_5subtasks(dnc3, nd(3, 6))"", ""status"": ""Failed (Planning/State Error)""}, {""name"": ""complex5_12subtasks(nd7->dc1, nd(1, 2, 3, 5, 6)"", ""status"": ""Failed (Planning/State Error)""}]"
230,2736.9,COMPLETE,2025-05-01T19:51:05.438,2025-05-01T20:16:02.783,1497.345577,0.146091450319276,2.19975991045789,0.622787156512661,2,3,87.1,68.0491751523223,"[{""name"": ""simple16_7subtasks(dc1, dnc(1, 2))"", ""status"": ""Failed (Planning/State Error)""}, {""name"": ""complex9_17subtasks(dc2, dnc1, dnc2, dnc3, nd(1, 2, 3))"", ""status"": ""Failed (Planning/State Error)""}]"
256,954.9,PRUNED,2025-05-01T20:13:48.641,2025-05-01T20:16:37.948,169.307179,2.47159612018872,4.28098980316346,1.15846141672168,,,,,[]
253,3900,PRUNED,2025-05-01T20:11:28.707,2025-05-01T20:18:09.308,400.601216,3.59876861609766,3.58653318768261,0.0766606352658724,,,,,[]
246,1544.4,COMPLETE,2025-05-01T20:03:02.771,2025-05-01T20:18:47.064,944.293279,3.5679582977135,3.91767524790465,0.122168893911251,4,1,73.5,32.5246714974288,"[{""name"": ""simple8_5subtasks(nd(4, 5, 6))"", ""status"": ""Failed (Planning/State Error)""}, {""name"": ""simple2_4subtasks(dnc2,  nd(3, 4))"", ""status"": ""Failed (Planning/State Error)""}, {""name"": ""simple16_7subtasks(dc1, dnc(1, 2))"", ""status"": ""Failed (Planning/State Error)""}, {""name"": ""complex5_12subtasks(nd7->dc1, nd(1, 2, 3, 5, 6)"", ""status"": ""Failed (Planning/State Error)""}]"
238,2724.96,COMPLETE,2025-05-01T19:56:04.603,2025-05-01T20:18:52.488,1367.885251,2.84462567698004,4.37796337048656,0.500341937984184,2,3,89.2333333333334,62.0899200771935,"[{""name"": ""simple11_6subtasks(dc1, nd(1, 5))"", ""status"": ""Failed (Planning/State Error)""}, {""name"": ""complex1_11subtasks(dc2, dnc2, nd(1, 3, 6))"", ""status"": ""Failed (Planning/State Error)""}]"
255,1002.3,PRUNED,2025-05-01T20:13:45.836,2025-05-01T20:19:22.732,336.896316,3.22287235432024,3.39324612069715,0.402494009057476,,,,,[]
251,1038.2,PRUNED,2025-05-01T20:11:14.908,2025-05-01T20:20:19.452,544.544365,2.71996993999343,3.56271148653711,0.0700054324654246,,,,,[]
258,1011,PRUNED,2025-05-01T20:16:38.414,2025-05-01T20:23:26.587,408.172875,3.13747871059061,4.99182163973428,0.149454354807359,,,,,[]
254,1533.96,COMPLETE,2025-05-01T20:11:53.039,2025-05-01T20:23:33.448,700.409218,3.31950124041791,3.31100399598867,0.14664811951786,4,1,52.6,12.0342289894354,"[{""name"": ""simple16_7subtasks(dc1, dnc(1, 2))"", ""status"": ""Failed (Planning/State Error)""}, {""name"": ""simple20_9subtasks(dc2, dnc(1, 2))"", ""status"": ""Failed (Planning/State Error)""}, {""name"": ""simple4_5subtasks(dc1, dnc2, nd8)"", ""status"": ""Failed (Planning/State Error)""}, {""name"": ""simple15_6subtasks(nd1->dnc3, nd(2, 5))"", ""status"": ""Failed (Planning/State Error)""}]"
260,983.2,PRUNED,2025-05-01T20:18:47.334,2025-05-01T20:23:50.866,303.531973,3.7797258616634,4.00520208833363,4.5685983102028,,,,,[]
262,981.5,PRUNED,2025-05-01T20:19:23.024,2025-05-01T20:23:59.531,276.506549,2.98062263338112,4.99547911632513,0.223571229676411,,,,,[]
261,3900,PRUNED,2025-05-01T20:18:52.793,2025-05-01T20:25:24.043,391.249497,3.47514797498731,4.99156141160448,0.359780236727621,,,,,[]
266,3900,PRUNED,2025-05-01T20:23:51.159,2025-05-01T20:26:01.362,130.203527,3.17743794689421,2.18355959623664,1.05491472444538,,,,,[]
264,3900,PRUNED,2025-05-01T20:23:26.897,2025-05-01T20:26:25.054,178.156775,3.35657274854318,4.17885923532718,1.22164969579606,,,,,[]
259,1027.1,PRUNED,2025-05-01T20:18:09.558,2025-05-01T20:26:43.509,513.950308,3.32667712745777,4.50708751524139,0.0238890474577572,,,,,[]
268,943.2,PRUNED,2025-05-01T20:25:24.315,2025-05-01T20:27:28.831,124.515315,3.09380109360516,4.92029475470861,2.2280020114861,,,,,[]
263,1026.5,PRUNED,2025-05-01T20:20:19.700,2025-05-01T20:28:39.049,499.348977,1.03175253447805,0.12313924073757,1.27768043132663,,,,,[]
249,3308.08,COMPLETE,2025-05-01T20:08:15.989,2025-05-01T20:28:39.801,1223.81199,2.36773405752301,1.41594986279943,0.395457024149727,1,4,86.15,48.5646680315957,"[{""name"": ""simple20_9subtasks(dc2, dnc(1, 2))"", ""status"": ""Failed (Planning/State Error)""}]"
265,1007.5,PRUNED,2025-05-01T20:23:33.663,2025-05-01T20:30:06.975,393.311603,2.92975619455306,4.93384518155733,2.36629920165389,,,,,[]
270,3900,PRUNED,2025-05-01T20:26:25.375,2025-05-01T20:30:39.396,254.02117,3.64769425209142,2.2529019331423,0.257440675116621,,,,,[]
273,951.3,PRUNED,2025-05-01T20:28:39.391,2025-05-01T20:31:39.947,180.555745,1.75721576603982,3.82143240699248,0.725897123167277,,,,,[]
267,1011.8,PRUNED,2025-05-01T20:24:00.011,2025-05-01T20:31:51.243,471.232145,2.92556009957808,2.53409492847632,0.349393728480243,,,,,[]
275,3900,PRUNED,2025-05-01T20:30:07.256,2025-05-01T20:32:32.046,144.789721,3.46722644248953,3.14178361080754,0.0744696355746551,,,,,[]
269,1011,PRUNED,2025-05-01T20:26:01.599,2025-05-01T20:33:23.640,442.040138,3.34638825282226,2.71855771398651,0.106280030040688,,,,,[]
276,954.9,PRUNED,2025-05-01T20:30:39.642,2025-05-01T20:33:25.088,165.445448,3.91269242453707,1.23307045538852,0.272060868449583,,,,,[]
257,2708.46,COMPLETE,2025-05-01T20:16:03.021,2025-05-01T20:33:43.894,1060.872982,2.9357001175393,4.98276271080738,0.917356222715754,2,3,89.3333333333333,42.0453582912683,"[{""name"": ""simple6_5subtasks(dnc3, nd(3, 6))"", ""status"": ""Failed (Planning/State Error)""}, {""name"": ""simple5_5subtasks(dc1, nd(3, 5, 6))"", ""status"": ""Failed (Planning/State Error)""}]"
278,3900,PRUNED,2025-05-01T20:31:51.526,2025-05-01T20:34:21.921,150.394678,2.93061696414094,0.309081211406072,2.07128178739297,,,,,[]
272,1011.8,PRUNED,2025-05-01T20:27:29.327,2025-05-01T20:34:51.900,442.572904,3.45896751169398,1.66242485465423,0.254147351133948,,,,,[]
250,2722.48,COMPLETE,2025-05-01T20:10:17.516,2025-05-01T20:38:16.449,1678.932721,2.99268412494051,3.40280763616131,0.148404604965748,2,3,116.366666666667,100.506390463375,"[{""name"": ""simple10_6subtasks(dc1, dnc3, nd3)"", ""status"": ""Failed (Planning/State Error)""}, {""name"": ""simple19_9subtasks(dc1, nd(1, 3, 5, 6))"", ""status"": ""Failed (Planning/State Error)""}]"
277,1017.1,PRUNED,2025-05-01T20:31:40.269,2025-05-01T20:39:30.703,470.434304,2.15211833441437,4.81509967284118,0.0892622354328035,,,,,[]
279,1011,PRUNED,2025-05-01T20:32:32.328,2025-05-01T20:40:07.394,455.066212,3.11865021422214,3.92428009765571,0.0246797202073429,,,,,[]
271,1069.7,PRUNED,2025-05-01T20:26:43.761,2025-05-01T20:40:20.467,816.706188,1.76557455421946,4.95167023813453,0.242062494224242,,,,,[]
280,3900,PRUNED,2025-05-01T20:33:23.933,2025-05-01T20:40:56.089,452.155386,2.10855949566942,3.40356314568256,0.403903295435126,,,,,[]
281,1020.4,PRUNED,2025-05-01T20:33:25.337,2025-05-01T20:41:09.176,463.839268,3.35856555573298,4.44990575347945,0.925120474598389,,,,,[]
286,954.9,PRUNED,2025-05-01T20:39:31.217,2025-05-01T20:42:24.084,172.86685,2.4118235131703,4.23651480798085,0.0289133850858846,,,,,[]
284,1011.8,PRUNED,2025-05-01T20:34:52.165,2025-05-01T20:42:54.431,482.26587,2.07838691503609,4.98603445754289,0.549335606780336,,,,,[]
288,945.5,PRUNED,2025-05-01T20:40:20.699,2025-05-01T20:43:07.364,166.665193,4.02117957444401,4.10057649693601,0.115696232598082,,,,,[]
274,2681.42,COMPLETE,2025-05-01T20:28:40.058,2025-05-01T20:43:43.423,903.365828,1.47649177458458,3.81384767010981,0.258487381855912,3,2,60.1,30.6845281349029,"[{""name"": ""simple11_6subtasks(dc1, nd(1, 5))"", ""status"": ""Failed (Planning/State Error)""}, {""name"": ""simple9_6subtasks(dc1, dnc2, nd3)"", ""status"": ""Failed (Planning/State Error)""}, {""name"": ""simple12_6subtasks(dc2, dnc2)"", ""status"": ""Failed (No Progress)""}, {""name"": ""complex3_12subtasks(dc1, dnc2, dnc3, nd(2, 3))"", ""status"": ""Failed (Planning/State Error)""}]"
294,6600,PRUNED,2025-05-01T20:43:43.896,2025-05-01T20:43:49.285,5.388756,2.26585010036765,2.71404765530617,0.0706204389153471,,,,,[]
287,983.3,PRUNED,2025-05-01T20:40:07.773,2025-05-01T20:45:09.197,301.423071,3.86633003147149,0.472349923825353,1.31351913360012,,,,,[]
290,3900,PRUNED,2025-05-01T20:41:09.638,2025-05-01T20:45:30.211,260.573287,3.25647964972506,3.77563263910763,0.911334750126935,,,,,[]
291,3900,PRUNED,2025-05-01T20:42:24.315,2025-05-01T20:45:39.670,195.354373,3.69984479722594,0.602123688492607,1.18409837951509,,,,,[]
295,947.7,PRUNED,2025-05-01T20:43:49.568,2025-05-01T20:46:29.940,160.371534,2.41351131110662,2.36633854212666,4.96975296839065,,,,,[]
293,984.5,PRUNED,2025-05-01T20:43:07.673,2025-05-01T20:48:05.918,298.244933,1.12340918401854,2.95439426080588,0.113631584967077,,,,,[]
283,1544.88,COMPLETE,2025-05-01T20:34:22.187,2025-05-01T20:49:33.755,911.568778,2.04734038458739,4.6489130049543,0.0558016569853368,4,1,45.3,29.4953782429453,"[{""name"": ""simple20_9subtasks(dc2, dnc(1, 2))"", ""status"": ""Failed (Planning/State Error)""}, {""name"": ""complex3_12subtasks(dc1, dnc2, dnc3, nd(2, 3))"", ""status"": ""Failed (Planning/State Error)""}, {""name"": ""simple15_6subtasks(nd1->dnc3, nd(2, 5))"", ""status"": ""Failed (Planning/State Error)""}, {""name"": ""simple11_6subtasks(dc1, nd(1, 5))"", ""status"": ""Failed (Planning/State Error)""}]"
299,3900,PRUNED,2025-05-01T20:46:30.208,2025-05-01T20:49:48.382,198.174679,1.20471593302153,2.77683326672525,0.799353653017869,,,,,[]
297,997.5,PRUNED,2025-05-01T20:45:30.454,2025-05-01T20:51:06.373,335.918955,3.84496934085433,4.46168730374118,0.0225007352008827,,,,,[]
300,951.3,PRUNED,2025-05-01T20:48:06.264,2025-05-01T20:51:15.030,188.76555,4.9834696764278,2.7665331644777,0.231341039976836,,,,,[]
301,945.5,PRUNED,2025-05-01T20:49:34.073,2025-05-01T20:52:10.042,155.968956,3.89677870827093,4.10655151331549,0.113103743843124,,,,,[]
289,1077.8,PRUNED,2025-05-01T20:40:56.290,2025-05-01T20:54:30.890,814.599306,4.83963361147361,2.93696004178803,0.053959438217168,,,,,[]
282,1534.62,COMPLETE,2025-05-01T20:33:44.111,2025-05-01T20:57:10.690,1406.579379,1.71170447568831,3.44909679583615,0.10370768426358,4,1,157.7,87.5251803481951,"[{""name"": ""simple6_5subtasks(dnc3, nd(3, 6))"", ""status"": ""Failed (Planning/State Error)""}, {""name"": ""simple3_5subtasks(dc1 , nd(3, 6))"", ""status"": ""Failed (Planning/State Error)""}, {""name"": ""complex6_14subtasks(dc1, dnc1, dnc2, nd(2, 3, 5, 6))"", ""status"": ""Failed (Planning/State Error)""}, {""name"": ""simple11_6subtasks(dc1, nd(1, 5))"", ""status"": ""Failed (Planning/State Error)""}]"
304,1007.5,PRUNED,2025-05-01T20:51:15.332,2025-05-01T20:58:03.745,408.41308,3.77063966376869,3.82448846708165,0.906226716701583,,,,,[]
303,3900,PRUNED,2025-05-01T20:51:06.651,2025-05-01T20:58:23.676,437.025336,1.36825033446545,4.25998255662246,3.05655103181989,,,,,[]
307,3900,PRUNED,2025-05-01T20:57:10.949,2025-05-01T21:00:03.228,172.279397,3.8866348459567,1.88681465477858,1.50185628841008,,,,,[]
309,3900,PRUNED,2025-05-01T20:58:23.884,2025-05-01T21:01:19.876,175.992218,3.23110631610938,1.00662307778855,0.0620188307927826,,,,,[]
310,943.2,PRUNED,2025-05-01T21:00:03.500,2025-05-01T21:02:06.400,122.899896,0.772280885749985,0.261193164625145,3.72323149394826,,,,,[]
305,1038.2,PRUNED,2025-05-01T20:52:10.290,2025-05-01T21:02:38.128,627.838058,4.15039162916662,1.66046113308028,0.0909199296987659,,,,,[]
306,1041.7,PRUNED,2025-05-01T20:54:31.219,2025-05-01T21:04:12.135,580.916447,0.46843778529556,0.14573569076906,3.92743918670914,,,,,[]
302,1541.6,COMPLETE,2025-05-01T20:49:48.673,2025-05-01T21:04:17.397,868.724085,2.64023688716441,0.269221765981082,0.025584982904798,4,1,45.3,31.1522633330897,"[{""name"": ""simple13_6subtasks(dnc(2, 3), nd(3, 6))"", ""status"": ""Failed (Planning/State Error)""}, {""name"": ""simple4_5subtasks(dc1, dnc2, nd8)"", ""status"": ""Failed (Planning/State Error)""}, {""name"": ""complex1_11subtasks(dc2, dnc2, nd(1, 3, 6))"", ""status"": ""Failed (Planning/State Error)""}, {""name"": ""complex2_11subtasks(dc2, nd(1, 3, 5, 6))"", ""status"": ""Failed (Planning/State Error)""}]"
285,1572.04,COMPLETE,2025-05-01T20:38:16.802,2025-05-01T21:05:15.760,1618.958102,3.17694386825334,0.256113330308836,4.56520459669466,4,1,56,83.523799839709,"[{""name"": ""simple10_6subtasks(dc1, dnc3, nd3)"", ""status"": ""Failed (Planning/State Error)""}, {""name"": ""complex10_20subtasks(nd7->dc1, dnc1, dnc2, nd1->nd4, nd(2, 3, 5, 6))"", ""status"": ""Failed (Planning/State Error)""}, {""name"": ""simple4_5subtasks(dc1, dnc2, nd8)"", ""status"": ""Failed (Planning/State Error)""}, {""name"": ""complex3_12subtasks(dc1, dnc2, dnc3, nd(2, 3))"", ""status"": ""Failed (Planning/State Error)""}]"
298,2132.96,COMPLETE,2025-05-01T20:45:40.009,2025-05-01T21:05:39.786,1199.777304,3.81294908649503,3.879719371403,0.0481797859871946,3,2,97.2,48.6949506985024,"[{""name"": ""simple16_7subtasks(dc1, dnc(1, 2))"", ""status"": ""Failed (Planning/State Error)""}, {""name"": ""complex2_11subtasks(dc2, nd(1, 3, 5, 6))"", ""status"": ""Failed (Planning/State Error)""}, {""name"": ""simple15_6subtasks(nd1->dnc3, nd(2, 5))"", ""status"": ""Failed (Planning/State Error)""}]"
312,3900,PRUNED,2025-05-01T21:02:06.679,2025-05-01T21:05:55.909,229.229296,1.69493456449813,3.40198910595864,0.159828413971624,,,,,[]
314,3900,PRUNED,2025-05-01T21:04:12.418,2025-05-01T21:06:54.369,161.951134,3.98431361562158,4.69627804498019,0.881128067237218,,,,,[]
319,3900,PRUNED,2025-05-01T21:06:54.611,2025-05-01T21:09:18.736,144.125042,3.36494989035876,1.16460169656873,1.761949396013,,,,,[]
296,1538.28,COMPLETE,2025-05-01T20:45:09.483,2025-05-01T21:09:37.562,1468.078622,4.15840585517286,3.93774290691204,0.031470692818334,4,1,180.5,84.521781090647,"[{""name"": ""simple9_6subtasks(dc1, dnc2, nd3)"", ""status"": ""Failed (Planning/State Error)""}, {""name"": ""simple15_6subtasks(nd1->dnc3, nd(2, 5))"", ""status"": ""Failed (Planning/State Error)""}, {""name"": ""complex2_11subtasks(dc2, nd(1, 3, 5, 6))"", ""status"": ""Failed (Planning/State Error)""}, {""name"": ""simple4_5subtasks(dc1, dnc2, nd8)"", ""status"": ""Failed (Planning/State Error)""}]"
318,966.1,PRUNED,2025-05-01T21:05:56.173,2025-05-01T21:09:49.951,233.778957,3.06787522109201,1.76966126771366,0.0276786550735921,,,,,[]
313,1020.4,PRUNED,2025-05-01T21:02:38.444,2025-05-01T21:10:35.608,477.163291,4.49930756295427,4.89388265108954,1.77155048405601,,,,,[]
308,2115.12,COMPLETE,2025-05-01T20:58:03.985,2025-05-01T21:11:19.413,795.427766,4.90416223067222,4.82214737844377,0.04931290944338,3,2,84,26.1794737631455,"[{""name"": ""simple3_5subtasks(dc1 , nd(3, 6))"", ""status"": ""Failed (Planning/State Error)""}, {""name"": ""simple5_5subtasks(dc1, nd(3, 5, 6))"", ""status"": ""Failed (Planning/State Error)""}, {""name"": ""simple9_6subtasks(dc1, dnc2, nd3)"", ""status"": ""Failed (Planning/State Error)""}]"
311,3900,PRUNED,2025-05-01T21:01:20.176,2025-05-01T21:11:25.727,605.55022,1.94711845951421,3.57510245356346,0.0639074057172111,,,,,[]
320,3900,PRUNED,2025-05-01T21:09:19.050,2025-05-01T21:11:36.144,137.094427,2.73868995127261,4.43323625828791,0.169020675832504,,,,,[]
321,3900,PRUNED,2025-05-01T21:09:37.820,2025-05-01T21:12:25.935,168.115277,4.29216636714462,3.71649028819178,0.623399499261049,,,,,[]
315,1027.1,PRUNED,2025-05-01T21:04:17.717,2025-05-01T21:12:50.314,512.596866,1.9648940879861,3.77865249352,0.0279348850787425,,,,,[]
292,1568.6,COMPLETE,2025-05-01T20:42:54.697,2025-05-01T21:13:28.373,1833.675617,4.15515988609532,3.95911320800495,0.241829210331816,4,1,119.8,105.752847188478,"[{""name"": ""simple5_5subtasks(dc1, nd(3, 5, 6))"", ""status"": ""Failed (Planning/State Error)""}, {""name"": ""simple18_8subtasks(dc2, dnc2, nd1)"", ""status"": ""Failed (Planning/State Error)""}, {""name"": ""complex6_14subtasks(dc1, dnc1, dnc2, nd(2, 3, 5, 6))"", ""status"": ""Failed (Planning/State Error)""}, {""name"": ""complex10_20subtasks(nd7->dc1, dnc1, dnc2, nd1->nd4, nd(2, 3, 5, 6))"", ""status"": ""Failed (Planning/State Error)""}]"
324,945.5,PRUNED,2025-05-01T21:11:19.612,2025-05-01T21:13:47.397,147.785318,4.59234516313651,3.94721472424123,0.0709718315393134,,,,,[]
325,3900,PRUNED,2025-05-01T21:11:25.994,2025-05-01T21:14:03.912,157.917809,4.26150855304948,3.27738360049442,1.27996135861274,,,,,[]
330,3900,PRUNED,2025-05-01T21:13:47.665,2025-05-01T21:16:09.530,141.865493,3.93549830612554,2.97870561792567,0.0571519456375526,,,,,[]
329,3900,PRUNED,2025-05-01T21:13:28.696,2025-05-01T21:16:27.755,179.058558,3.84702265886917,0.153447912828327,2.1640773953224,,,,,[]
331,940.7,PRUNED,2025-05-01T21:14:04.237,2025-05-01T21:16:36.507,152.269911,3.7980716604034,2.84035338761889,0.654228755418567,,,,,[]
316,1539.34,COMPLETE,2025-05-01T21:05:15.980,2025-05-01T21:18:32.750,796.769876,1.9518045286291,3.29638956466656,0.0962042765075132,4,1,56.6,24.1487790072337,"[{""name"": ""simple20_9subtasks(dc2, dnc(1, 2))"", ""status"": ""Failed (Planning/State Error)""}, {""name"": ""simple15_6subtasks(nd1->dnc3, nd(2, 5))"", ""status"": ""Failed (Planning/State Error)""}, {""name"": ""simple10_6subtasks(dc1, dnc3, nd3)"", ""status"": ""Failed (Planning/State Error)""}, {""name"": ""complex1_11subtasks(dc2, dnc2, nd(1, 3, 6))"", ""status"": ""Failed (Planning/State Error)""}]"
333,3900,PRUNED,2025-05-01T21:16:28.046,2025-05-01T21:18:59.308,151.262278,2.08112384774298,3.70955784231398,1.14745026659388,,,,,[]
317,2120.6,COMPLETE,2025-05-01T21:05:40.015,2025-05-01T21:19:29.720,829.704405,2.87410714702976,4.42384509128943,0.539675531886749,3,2,75.75,25.5613017598633,"[{""name"": ""simple8_5subtasks(nd(4, 5, 6))"", ""status"": ""Failed (Planning/State Error)""}, {""name"": ""simple15_6subtasks(nd1->dnc3, nd(2, 5))"", ""status"": ""Failed (Planning/State Error)""}, {""name"": ""simple18_8subtasks(dc2, dnc2, nd1)"", ""status"": ""Failed (Planning/State Error)""}]"
335,3900,PRUNED,2025-05-01T21:18:33.037,2025-05-01T21:21:06.107,153.070344,0.142272912769449,3.443943326489,0.0601938765940588,,,,,[]
328,1015,PRUNED,2025-05-01T21:12:50.641,2025-05-01T21:21:24.725,514.083372,3.7441492655955,2.73965891843758,0.979480954783648,,,,,[]
336,945.5,PRUNED,2025-05-01T21:18:59.615,2025-05-01T21:21:29.895,150.279215,1.37055916272931,3.29263134681612,0.0890648151633763,,,,,[]
332,3900,PRUNED,2025-05-01T21:16:09.841,2025-05-01T21:23:04.553,414.712328,0.823049049983732,4.0825054418212,0.0331902922696081,,,,,[]
322,1525.44,COMPLETE,2025-05-01T21:09:50.200,2025-05-01T21:23:07.326,797.126059,4.62948558076121,4.18866460770304,0.138022335642869,4,1,120.9,25.0887771023437,"[{""name"": ""simple20_9subtasks(dc2, dnc(1, 2))"", ""status"": ""Failed (Planning/State Error)""}, {""name"": ""simple15_6subtasks(nd1->dnc3, nd(2, 5))"", ""status"": ""Failed (Planning/State Error)""}, {""name"": ""simple3_5subtasks(dc1 , nd(3, 6))"", ""status"": ""Failed (Planning/State Error)""}, {""name"": ""simple11_6subtasks(dc1, nd(1, 5))"", ""status"": ""Failed (Planning/State Error)""}]"
323,1068.9,PRUNED,2025-05-01T21:10:35.870,2025-05-01T21:23:37.597,781.726793,4.54182881295286,4.20931372706108,0.487354834010128,,,,,[]
339,3900,PRUNED,2025-05-01T21:21:24.950,2025-05-01T21:23:48.934,143.984149,0.82059106607691,2.89325373055388,1.70738487521395,,,,,[]
341,3900,PRUNED,2025-05-01T21:23:04.848,2025-05-01T21:25:52.866,168.01741,1.09250857464401,1.84848649578538,0.386136060625417,,,,,[]
342,951.3,PRUNED,2025-05-01T21:23:07.577,2025-05-01T21:26:12.168,184.591138,4.63177071990126,4.33790303448558,0.292181990147404,,,,,[]
343,3900,PRUNED,2025-05-01T21:23:37.881,2025-05-01T21:26:16.707,158.82563,0.592806097850199,2.70675756209448,1.51525347399486,,,,,[]
346,3900,PRUNED,2025-05-01T21:26:12.493,2025-05-01T21:28:23.055,130.561544,2.76011494848193,4.85230320955536,0.0317368053199449,,,,,[]
338,1027.1,PRUNED,2025-05-01T21:21:06.373,2025-05-01T21:28:31.265,444.891817,2.81342808157474,4.975333258211,0.012367469112898,,,,,[]
347,945.5,PRUNED,2025-05-01T21:26:17.082,2025-05-01T21:28:37.080,139.997965,4.63732246886048,1.07149366467996,1.17612582181887,,,,,[]
327,2653.56,COMPLETE,2025-05-01T21:12:26.189,2025-05-01T21:29:27.148,1020.959078,4.1255256635742,1.12258414893235,0.0298403568605869,3,2,180.5,64.4600499226246,"[{""name"": ""simple18_8subtasks(dc2, dnc2, nd1)"", ""status"": ""Failed (Planning/State Error)""}, {""name"": ""simple16_7subtasks(dc1, dnc(1, 2))"", ""status"": ""Failed (Planning/State Error)""}, {""name"": ""simple12_6subtasks(dc2, dnc2)"", ""status"": ""Failed (No Progress)""}, {""name"": ""simple3_5subtasks(dc1 , nd(3, 6))"", ""status"": ""Failed (Planning/State Error)""}]"
340,1027.3,PRUNED,2025-05-01T21:21:30.178,2025-05-01T21:29:32.794,482.616027,1.25192155991781,2.64447971163654,0.114062655827886,,,,,[]
348,3900,PRUNED,2025-05-01T21:28:23.333,2025-05-01T21:31:16.006,172.673113,3.84369476224715,4.98487837207192,0.968335774801162,,,,,[]
350,3900,PRUNED,2025-05-01T21:28:37.414,2025-05-01T21:31:38.009,180.594653,2.8866764298808,1.12256501623679,0.997552013018836,,,,,[]
354,3900,PRUNED,2025-05-01T21:31:38.326,2025-05-01T21:34:11.065,152.739059,3.93679131698546,3.00159872700871,3.8534620765554,,,,,[]
326,1549.98,COMPLETE,2025-05-01T21:11:36.366,2025-05-01T21:34:27.268,1370.902516,0.201590276779293,3.18334655043643,0.0156005944778245,4,1,128,61.1016631408595,"[{""name"": ""simple10_6subtasks(dc1, dnc3, nd3)"", ""status"": ""Failed (Planning/State Error)""}, {""name"": ""simple20_9subtasks(dc2, dnc(1, 2))"", ""status"": ""Failed (Planning/State Error)""}, {""name"": ""simple9_6subtasks(dc1, dnc2, nd3)"", ""status"": ""Failed (Planning/State Error)""}, {""name"": ""complex8_15subtasks(dc1, dnc2, nd1->nd4, nd(2, 3, 5, 6))"", ""status"": ""Failed (Planning/State Error)""}]"
356,6600,PRUNED,2025-05-01T21:34:27.516,2025-05-01T21:34:32.574,5.058531,3.41915758145089,4.40010268143038,0.0701901040544881,,,,,[]
334,1538.68,COMPLETE,2025-05-01T21:16:36.823,2025-05-01T21:34:36.811,1079.987252,0.830628045429763,2.94481485673751,0.113940862877064,4,1,122.1,49.2921708581038,"[{""name"": ""simple6_5subtasks(dnc3, nd(3, 6))"", ""status"": ""Failed (Planning/State Error)""}, {""name"": ""simple13_6subtasks(dnc(2, 3), nd(3, 6))"", ""status"": ""Failed (Planning/State Error)""}, {""name"": ""complex5_12subtasks(nd7->dc1, nd(1, 2, 3, 5, 6)"", ""status"": ""Failed (Planning/State Error)""}, {""name"": ""simple10_6subtasks(dc1, dnc3, nd3)"", ""status"": ""Failed (Planning/State Error)""}]"
358,6600,PRUNED,2025-05-01T21:34:37.139,2025-05-01T21:34:42.644,5.50427,4.82797626649669,4.21216463784093,0.19965284708412,,,,,[]
344,1534.16,COMPLETE,2025-05-01T21:23:49.386,2025-05-01T21:36:18.620,749.23318,2.41780261976857,1.69037471939757,0.0285285792989807,4,1,45.3,21.1395247133914,"[{""name"": ""simple5_5subtasks(dc1, nd(3, 5, 6))"", ""status"": ""Failed (Planning/State Error)""}, {""name"": ""complex1_11subtasks(dc2, dnc2, nd(1, 3, 6))"", ""status"": ""Failed (Planning/State Error)""}, {""name"": ""simple16_7subtasks(dc1, dnc(1, 2))"", ""status"": ""Failed (Planning/State Error)""}, {""name"": ""simple4_5subtasks(dc1, dnc2, nd8)"", ""status"": ""Failed (Planning/State Error)""}]"
337,957.62,COMPLETE,2025-05-01T21:19:29.937,2025-05-01T21:36:24.233,1014.295508,1.48246094490184,3.39870718230344,0.0644299760124213,5,0,,46.8672829006799,"[{""name"": ""simple13_6subtasks(dnc(2, 3), nd(3, 6))"", ""status"": ""Failed (Planning/State Error)""}, {""name"": ""complex1_11subtasks(dc2, dnc2, nd(1, 3, 6))"", ""status"": ""Failed (Planning/State Error)""}, {""name"": ""simple2_4subtasks(dnc2,  nd(3, 4))"", ""status"": ""Failed (Planning/State Error)""}, {""name"": ""simple3_5subtasks(dc1 , nd(3, 6))"", ""status"": ""Failed (Planning/State Error)""}, {""name"": ""complex5_12subtasks(nd7->dc1, nd(1, 2, 3, 5, 6)"", ""status"": ""Failed (Planning/State Error)""}]"
359,3900,PRUNED,2025-05-01T21:34:42.950,2025-05-01T21:37:13.675,150.724493,1.01209149099636,2.74621801999715,0.561467769833893,,,,,[]
352,1015,PRUNED,2025-05-01T21:29:33.108,2025-05-01T21:37:40.373,487.265569,3.45378078559991,4.75776718262571,1.08650689568959,,,,,[]
345,2675.58,COMPLETE,2025-05-01T21:25:53.149,2025-05-01T21:38:37.914,764.765353,4.11329391379741,4.53424207778461,0.189307307817742,3,2,47.1,31.9970399847254,"[{""name"": ""simple3_5subtasks(dc1 , nd(3, 6))"", ""status"": ""Failed (Planning/State Error)""}, {""name"": ""simple15_6subtasks(nd1->dnc3, nd(2, 5))"", ""status"": ""Failed (Planning/State Error)""}, {""name"": ""complex5_12subtasks(nd7->dc1, nd(1, 2, 3, 5, 6)"", ""status"": ""Failed (Planning/State Error)""}, {""name"": ""simple12_6subtasks(dc2, dnc2)"", ""status"": ""Failed (No Progress)""}]"
355,985.1,PRUNED,2025-05-01T21:34:11.381,2025-05-01T21:39:04.872,293.490492,0.257092138952713,2.31560327181967,0.144797031261288,,,,,[]
357,3900,PRUNED,2025-05-01T21:34:32.832,2025-05-01T21:40:53.652,380.820108,4.05491582351175,4.84907472209574,0.309605284861092,,,,,[]
349,3900,PRUNED,2025-05-01T21:28:31.571,2025-05-01T21:41:44.638,793.067313,3.9508369910896,4.59327618078762,0.210657781488636,,,,,[]
360,3900,PRUNED,2025-05-01T21:36:18.914,2025-05-01T21:42:59.351,400.437201,2.90026146435883,1.66110361950576,0.164096895220328,,,,,[]
363,1007.5,PRUNED,2025-05-01T21:37:40.662,2025-05-01T21:44:19.022,398.360252,2.38436436371014,1.50903692529066,0.558888056854084,,,,,[]
351,2120.18,COMPLETE,2025-05-01T21:29:27.438,2025-05-01T21:44:37.285,909.846831,3.97134157715642,2.1346795750482,0.0214369712236842,3,2,84.45,33.2095613360871,"[{""name"": ""simple20_9subtasks(dc2, dnc(1, 2))"", ""status"": ""Failed (Planning/State Error)""}, {""name"": ""simple9_6subtasks(dc1, dnc2, nd3)"", ""status"": ""Failed (Planning/State Error)""}, {""name"": ""simple5_5subtasks(dc1, nd(3, 5, 6))"", ""status"": ""Failed (Planning/State Error)""}]"
365,3900,PRUNED,2025-05-01T21:39:05.105,2025-05-01T21:45:31.734,386.629542,2.42897979123759,1.57242542547984,0.057218839445594,,,,,[]
362,1041.2,PRUNED,2025-05-01T21:37:13.927,2025-05-01T21:46:23.235,549.308099,4.89050484306926,1.8949472016802,0.0746883464024303,,,,,[]
361,3900,PRUNED,2025-05-01T21:36:24.522,2025-05-01T21:46:24.354,599.832206,3.21184032986547,1.13368485873617,0.550042869943699,,,,,[]
353,2719.18,COMPLETE,2025-05-01T21:31:16.243,2025-05-01T21:46:38.836,922.593794,3.79717692066116,2.15367964876744,0.0882290555912511,2,3,66.3,28.4615695945453,"[{""name"": ""simple20_9subtasks(dc2, dnc(1, 2))"", ""status"": ""Failed (Planning/State Error)""}, {""name"": ""complex1_11subtasks(dc2, dnc2, nd(1, 3, 6))"", ""status"": ""Failed (Planning/State Error)""}]"
370,954.9,PRUNED,2025-05-01T21:44:37.529,2025-05-01T21:47:28.281,170.751695,1.01418003825212,3.73310835108745,0.974461256028793,,,,,[]
373,945.5,PRUNED,2025-05-01T21:46:24.647,2025-05-01T21:48:52.345,147.698026,2.72255420779991,1.96939170691808,0.187893611277317,,,,,[]
375,3900,PRUNED,2025-05-01T21:47:28.587,2025-05-01T21:50:26.462,177.874616,1.48275416250491,3.82871763021332,0.620914403221024,,,,,[]
366,3900,PRUNED,2025-05-01T21:40:53.930,2025-05-01T21:50:57.211,603.281122,2.92247315628585,1.82256988799273,0.319304002119858,,,,,[]
376,942.8,PRUNED,2025-05-01T21:48:52.598,2025-05-01T21:51:03.475,130.877483,1.5116819134861,3.59154322587357,0.251353859769806,,,,,[]
364,2085.14,COMPLETE,2025-05-01T21:38:38.168,2025-05-01T21:51:15.559,757.391154,2.76471489129755,2.0397872504306,0.394880975274599,4,1,,33.7940430733841,"[{""name"": ""simple10_6subtasks(dc1, dnc3, nd3)"", ""status"": ""Failed (Planning/State Error)""}, {""name"": ""simple15_6subtasks(nd1->dnc3, nd(2, 5))"", ""status"": ""Failed (Planning/State Error)""}, {""name"": ""simple12_6subtasks(dc2, dnc2)"", ""status"": ""Failed (No Progress)""}, {""name"": ""simple13_6subtasks(dnc(2, 3), nd(3, 6))"", ""status"": ""Failed (Planning/State Error)""}, {""name"": ""complex6_14subtasks(dc1, dnc1, dnc2, nd(2, 3, 5, 6))"", ""status"": ""Failed (Planning/State Error)""}]"
368,1038.2,PRUNED,2025-05-01T21:42:59.669,2025-05-01T21:52:37.208,577.538247,2.3378747897612,1.57566077469962,0.0769490155017084,,,,,[]
374,1007.5,PRUNED,2025-05-01T21:46:39.168,2025-05-01T21:52:51.513,372.345533,1.61900455002713,4.15901059448014,0.541918595373846,,,,,[]
369,1027.1,PRUNED,2025-05-01T21:44:19.347,2025-05-01T21:53:11.695,532.347864,1.80121832803993,1.48273389446102,0.0119144623538454,,,,,[]
378,945.5,PRUNED,2025-05-01T21:50:57.525,2025-05-01T21:53:24.493,146.967601,2.29567697687288,3.02574030898799,0.351028802642175,,,,,[]
380,941,PRUNED,2025-05-01T21:51:15.888,2025-05-01T21:53:30.775,134.887045,1.74714264146986,2.87562874030301,0.0567033923661083,,,,,[]
382,3900,PRUNED,2025-05-01T21:52:51.737,2025-05-01T21:55:04.945,133.208101,1.8818955918921,2.26367735469529,0.148098231997086,,,,,[]
371,3900,PRUNED,2025-05-01T21:45:31.969,2025-05-01T21:55:11.035,579.066758,2.02444362356765,4.77501118337356,4.65995860392322,,,,,[]
372,1027.3,PRUNED,2025-05-01T21:46:23.731,2025-05-01T21:55:13.071,529.339916,2.39772384405853,2.34226516727953,0.215827170780692,,,,,[]
381,3900,PRUNED,2025-05-01T21:52:37.512,2025-05-01T21:55:33.651,176.138864,2.22653564635574,3.62869632764856,0.675193177550566,,,,,[]
367,1545.88,COMPLETE,2025-05-01T21:41:44.922,2025-05-01T21:57:21.439,936.517005,2.54447531089369,2.01415706604094,0.111574291191571,4,1,47.1,28.5958962635603,"[{""name"": ""simple13_6subtasks(dnc(2, 3), nd(3, 6))"", ""status"": ""Failed (Planning/State Error)""}, {""name"": ""simple4_5subtasks(dc1, dnc2, nd8)"", ""status"": ""Failed (Planning/State Error)""}, {""name"": ""simple5_5subtasks(dc1, nd(3, 5, 6))"", ""status"": ""Failed (Planning/State Error)""}, {""name"": ""complex6_14subtasks(dc1, dnc1, dnc2, nd(2, 3, 5, 6))"", ""status"": ""Failed (Planning/State Error)""}]"
387,3900,PRUNED,2025-05-01T21:55:11.436,2025-05-01T21:58:16.761,185.324948,2.25451203248121,3.98250060115365,0.42900006645996,,,,,[]
385,3900,PRUNED,2025-05-01T21:53:31.082,2025-05-01T22:00:09.619,398.537797,4.2927918560679,1.55602509141429,0.0119988673587472,,,,,[]
388,3900,PRUNED,2025-05-01T21:55:13.391,2025-05-01T22:00:44.287,330.895587,4.24103065065807,1.6244651778214,1.08426024938863,,,,,[]
377,951.46,COMPLETE,2025-05-01T21:50:26.703,2025-05-01T22:03:48.459,801.755793,2.10099759658169,2.59924622495425,0.144728987304163,5,0,,18.5908239773475,"[{""name"": ""simple16_7subtasks(dc1, dnc(1, 2))"", ""status"": ""Failed (Planning/State Error)""}, {""name"": ""complex3_12subtasks(dc1, dnc2, dnc3, nd(2, 3))"", ""status"": ""Failed (Planning/State Error)""}, {""name"": ""simple10_6subtasks(dc1, dnc3, nd3)"", ""status"": ""Failed (Planning/State Error)""}, {""name"": ""simple4_5subtasks(dc1, dnc2, nd8)"", ""status"": ""Failed (Planning/State Error)""}, {""name"": ""simple2_4subtasks(dnc2,  nd(3, 4))"", ""status"": ""Failed (Planning/State Error)""}]"
393,957.9,PRUNED,2025-05-01T22:00:44.580,2025-05-01T22:03:56.962,192.382432,1.04025645266434,2.12988737171494,1.24530020054059,,,,,[]
386,3900,PRUNED,2025-05-01T21:55:05.186,2025-05-01T22:05:03.642,598.456118,4.22836865369971,1.8703066738735,0.740915016844421,,,,,[]
379,948.54,COMPLETE,2025-05-01T21:51:03.983,2025-05-01T22:05:45.206,881.222345,1.78495290799786,2.38336984406757,0.0593497339583599,5,0,,37.2149809239898,"[{""name"": ""simple5_5subtasks(dc1, nd(3, 5, 6))"", ""status"": ""Failed (Planning/State Error)""}, {""name"": ""simple16_7subtasks(dc1, dnc(1, 2))"", ""status"": ""Failed (Planning/State Error)""}, {""name"": ""complex3_12subtasks(dc1, dnc2, dnc3, nd(2, 3))"", ""status"": ""Failed (Planning/State Error)""}, {""name"": ""simple3_5subtasks(dc1 , nd(3, 6))"", ""status"": ""Failed (Planning/State Error)""}, {""name"": ""complex1_11subtasks(dc2, dnc2, nd(1, 3, 6))"", ""status"": ""Failed (Planning/State Error)""}]"
396,941.3,PRUNED,2025-05-01T22:05:03.891,2025-05-01T22:07:32.792,148.9016,1.93424292261802,2.59805971240236,0.411429054535166,,,,,[]
391,1032.4,PRUNED,2025-05-01T21:58:17.043,2025-05-01T22:07:41.012,563.96913,4.18673267506411,1.69301893150894,0.52936005633741,,,,,[]
399,3900,PRUNED,2025-05-01T22:07:41.346,2025-05-01T22:10:13.024,151.678461,1.67038567527918,2.84990637882331,0.833696694546004,,,,,[]
390,3900,PRUNED,2025-05-01T21:57:21.674,2025-05-01T22:10:19.557,777.8832,3.56415883775541,0.217148860440635,0.173499132394662,,,,,[]
389,2127.62,COMPLETE,2025-05-01T21:55:33.886,2025-05-01T22:10:36.705,902.81873,2.66217538913378,3.7501186294106,0.750966480272376,3,2,72.35,24.2597566636745,"[{""name"": ""simple20_9subtasks(dc2, dnc(1, 2))"", ""status"": ""Failed (Planning/State Error)""}, {""name"": ""simple16_7subtasks(dc1, dnc(1, 2))"", ""status"": ""Failed (Planning/State Error)""}, {""name"": ""simple9_6subtasks(dc1, dnc2, nd3)"", ""status"": ""Failed (Planning/State Error)""}]"
384,1537.08,COMPLETE,2025-05-01T21:53:24.763,2025-05-01T22:10:47.981,1043.217787,1.59931692865703,2.18504975101451,0.864272728840979,4,1,123.3,36.8348458585329,"[{""name"": ""simple6_5subtasks(dnc3, nd(3, 6))"", ""status"": ""Failed (Planning/State Error)""}, {""name"": ""simple5_5subtasks(dc1, nd(3, 5, 6))"", ""status"": ""Failed (Planning/State Error)""}, {""name"": ""simple19_9subtasks(dc1, nd(1, 3, 5, 6))"", ""status"": ""Failed (Planning/State Error)""}, {""name"": ""simple9_6subtasks(dc1, dnc2, nd3)"", ""status"": ""Failed (Planning/State Error)""}]"
397,1007.5,PRUNED,2025-05-01T22:05:45.498,2025-05-01T22:11:52.794,367.296373,1.75954135557856,1.9679555921122,0.699022985399227,,,,,[]
